product_code,product_name,category_name,type_name,description,brand_name,unit_type,purchase_cost,sell_price
"8858692901004","OMO White Plus soap","SHOAP","Soap",\N,\N,"Piece","110","180"
"070501013304","Neutrogena soap","SHOAP","Soap",\N,\N,"Piece","290","435"
"813760111110","masta 2 in 1","SHOAP","Soap",\N,\N,"Piece","190","380"
"0004763","Skinshine Soap","SHOAP","Soap",\N,\N,"Piece","70","110"
"8941100651599","lifeboy soap","SHOAP","Soap",\N,\N,"Piece","25","28"
"8906056980285","Permiscab Soap","SHOAP","Soap",\N,\N,"Piece","130","210"
"0004900","Patanjali Soap","SHOAP","Soap",\N,\N,\N,"65","100"
"8901030476013","Pears Soap","SHOAP","Soap",\N,\N,"Piece","75","135"
"8901030476044","Pears Soap","SHOAP","Soap",\N,\N,"Piece","75","135"
"0005129","Cosco Soap","SHOAP","Soap",\N,\N,"Piece","25","30"
"6281006480995","Lux Soap","SHOAP","Soap",\N,\N,"Piece","71","115"
"8711700966610","Dove Soap","SHOAP","Soap",\N,\N,"Piece","75","120"
"8850002006713","kodomo Soap","SHOAP","Soap",\N,\N,"Piece","75","95"
"8941100656341","Lux Soap 150g","SHOAP","Soap",\N,\N,"Piece","43","47"
"8901012191323","Johnsons Baby Soap 75g","SHOAP","Soap",\N,\N,"Piece","65","100"
"8853252005468","U.S.A soap","SHOAP","Soap",\N,\N,"Piece","75","110"
"8901012116647","Johonons 75g Soap","SHOAP","Soap",\N,\N,"Piece","70","90"
"8941100650608","Dove Hair Fall Shampoo 180ml","shampoo","Shampoo",\N,\N,"Piece","155","180"
"8941100650592","Dove Shampoo 180ml","shampoo","Shampoo",\N,\N,"Piece","155","180"
"8941100618912","Sunsilk Perfect Straight","shampoo","Shampoo",\N,\N,"Piece","153","175.01"
"8941100618868","Sunsilk Thick & Long 180ml","shampoo","Shampoo",\N,\N,"Piece","128","145"
"8941100618745","Sunsilk Black Shine 180ml","shampoo","Shampoo",\N,\N,"Piece","128","145"
"8941100618806","Sunsilk Hairfall Solution 180ml","shampoo","Shampoo",\N,\N,"Piece","128","145"
"4902430102254","Head & Shoulders 180ml","shampoo","Shampoo",\N,\N,"Piece","169","195"
"8941100615454","Clear Shampoo","shampoo","Shampoo",\N,\N,"Piece","273.17","310"
"8941100648421","Clear Shampoo","shampoo","Shampoo",\N,\N,"Piece","273.17","310"
"4902430431002","Head & Shoulders 480ml","shampoo","Shampoo",\N,\N,"Piece","470","635"
"8992304068010","Loreal Conditioner 450ml","shampoo","Shampoo",\N,\N,"Piece","440","660"
"3610340013201","Loreal Shampoo 700ml","shampoo","Shampoo",\N,\N,"Piece","680","1050"
"3610340020100","Loreal Shampoo 700ml","shampoo","Shampoo",\N,\N,"Piece","680","1050"
"3610340013263","Loreal Shampoo 700ml","shampoo","Shampoo",\N,\N,"Piece","680","1050"
"770103301723","Garnier Fructis Shampoo B","shampoo","Shampoo",\N,\N,"Piece","580","870"
"8901526990849","Loreal Shampoo Free Hair Dryer","shampoo","Shampoo",\N,\N,"Piece","850","1275"
"8901526990900","Loreal Shampoo Free Hair Dryer","shampoo","Shampoo",\N,\N,"Piece","750","975"
"8901526990917","Loreal Shampoo Free Hair Dryer","shampoo","Shampoo",\N,\N,"Piece","850","1275"
"071249099599","Loreal Paris Men Shampoo","shampoo","Shampoo",\N,\N,"Piece","370","540"
"4902430404716","Pantene Shampoo 900ml","shampoo","Shampoo",\N,\N,"Piece","850","1275"
"4902430404709","Pantene Shampoo 900ml","shampoo","Shampoo",\N,\N,"Piece","850","1275"
"080878042166","Pantene Shampoo 375ml ","shampoo","Shampoo",\N,\N,"Piece","580","870"
"8901030642265","Clinik plus 175ml","shampoo","Shampoo",\N,\N,"Piece","150","210"
"080878057221","Pantene Shampoo 375ml","shampoo","Shampoo",\N,\N,\N,"450","675"
"080878177332","Pantene Shampoo 375ml","shampoo","Shampoo",\N,\N,"Piece","440","579.92"
"8901030453212","Dove Shampoo 650ml","shampoo","Shampoo",\N,\N,"Piece","580","749.94"
"8801046886113","Damage Care Shampoo","shampoo","Shampoo",\N,\N,"Piece","600","750"
"8901030541872","Clinic Plus Shampoo S","shampoo","Shampoo",\N,\N,"Piece","170","255"
"3610340013232","Loreal Shampoo 700ml","shampoo","Shampoo",\N,\N,"Piece","610","915"
"8901030629327","Tresemme Shampoo New","shampoo","Shampoo",\N,\N,"Piece","570","800"
"8941100648438","Clear Shampoo 375ml","shampoo","Shampoo",\N,\N,"Piece","273.17","310"
"6281006436541","Sunsilk Shampoo 700ml","shampoo","Shampoo",\N,\N,"Piece","600","900"
"6281006439771","Sunsilk Shampoo 700ml","shampoo","Shampoo",\N,\N,"Piece","600","900"
"5000347005435","Johnsons Baby Shampoo","shampoo","Shampoo",\N,\N,"Piece","180","235"
"182039000111","Samsol Shampoo","shampoo","Shampoo",\N,\N,"Piece","180","252"
"5410076481194","Pantene Shampoo","shampoo","Shampoo",\N,\N,"Piece","280","420"
"5410076563180","Pantene Shampoo","shampoo","Shampoo",\N,\N,"Piece","280","420"
"8941100615447","Clear Shampoo 180ml","shampoo","Shampoo",\N,\N,"Piece","159.25","180"
"8941100652442","Sunsilk Shampoo 375ml","shampoo","Shampoo",\N,\N,"Piece","237.58","270"
"8941100652435","Sunsilk Conditionar 375ml","shampoo","Shampoo",\N,\N,"Piece","237.58","270"
"8901030550294","Tresemme Shampoo","shampoo","Shampoo",\N,\N,"Piece","587","675"
"8941100652428","Sunsilk Shampoo 375ml","shampoo","Shampoo",\N,\N,"Piece","237.58","270"
"8941100615430","Clear shampoo","shampoo","Shampoo",\N,\N,"Piece","80","96"
"8718114622521","Dove Shampoo","shampoo","Shampoo",\N,\N,"Piece","170","255"
"8712561888325","Dove Shampoo","shampoo","Shampoo",\N,\N,"Piece","170","255"
"8851932355162","Sunsilk Shampoo 320ml","shampoo","Shampoo",\N,\N,"Piece","300","450"
"8851932355049","Sunsilk Shampoo 160ml","shampoo","Shampoo",\N,\N,"Piece","180","270"
"8850002012561","Kodomo Shampoo","shampoo","Shampoo",\N,\N,"Piece","210","315"
"8851932280686","Dove Shampoo","shampoo","Shampoo",\N,\N,"Piece","410","575"
"080878044122","Pantene Shampoo pro","shampoo","Shampoo",\N,\N,"Piece","740","1110"
"080878004065","Pantene Shampoo pro","shampoo","Shampoo",\N,\N,"Piece","290","522"
"080878042272","Pantene Shampoo pro","shampoo","Shampoo",\N,\N,"Piece","290","522"
"080878042203","Pantene Shampoo pro","shampoo","Shampoo",\N,\N,"Piece","290","522"
"4902430396035","Head & Shoulder 170ml","shampoo","Shampoo",\N,\N,"Piece","180","215"
"8901030671210","Clinic Plus Shampoo ","shampoo","Shampoo",\N,\N,"Piece","145","255.2"
"3600540413505","Garnier Shampoo 250ml","shampoo","Shampoo",\N,\N,"Piece","250","375"
"8851932348799","Clear shampoo","shampoo","Shampoo",\N,\N,"Piece","295","445"
"8851932349482","Clear shampoo","shampoo","Shampoo",\N,\N,"Piece","265","400"
"8901030671265","Clinic Plus Shampoo","shampoo","Shampoo",\N,\N,"Piece","260","360"
"8901138821555","Himalaya Shampoo","shampoo","Shampoo",\N,\N,"Piece","390","585"
"8901030610615","Sunsilk Shampoo","shampoo","Shampoo",\N,\N,"Piece","280","390"
"8901030610622","Sunsilk Shampoo","shampoo","Shampoo",\N,\N,"Piece","310","440"
"8901030610660","Sunsilk Shampoo","shampoo","Shampoo",\N,\N,"Piece","310","480"
"8901030677861","Sunsilk Shampoo","shampoo","Shampoo",\N,\N,"Piece","180","270"
"8901030655838","Tresemme Shampoo","shampoo","Shampoo",\N,\N,"Piece","600","900"
"8851932262866","Clear Man Shampoo","shampoo","Shampoo",\N,\N,"Piece","430","645"
"8851932263498","Clear shampoo","shampoo","Shampoo",\N,\N,"Piece","430","645"
"8851932262415","Clear shampoo","shampoo","Shampoo",\N,\N,"Piece","430","645"
"603084231850","Garnier Shampoo 750ml","shampoo","Shampoo",\N,\N,"Piece","600","900"
"4084500821446","Head & shoulder 600ml","shampoo","Shampoo",\N,\N,"Piece","650","975"
"4005900468680","Nivea Man 250ml","shampoo","Shampoo",\N,\N,"Piece","400","600"
"5060120164063","Argan Shampoo","shampoo","Shampoo",\N,\N,"Piece","280","420"
"8941100655870","Dove Shampoo","shampoo","Shampoo",\N,\N,"Piece","310","350"
"8941100652947","Dove Shampoo 350ml","shampoo","Shampoo",\N,\N,"Piece","310","350"
"8941100654385","Sunsilk Hijab Shampoo","shampoo","Shampoo",\N,\N,"Piece","250","295"
"0005629","Soumis Shampoo","shampoo","Shampoo",\N,\N,"Piece","240","360"
"8901030501067","Dove Shampoo 650ml","shampoo","Shampoo",\N,\N,"Piece","585","870"
"8851932262378","Clear Shampoo","shampoo","Shampoo",\N,\N,"Piece","290","435"
"8851932263177","Clear Shampoo","shampoo","Shampoo",\N,\N,"Piece","290","435"
"8851932263252","Clear Shampoo Men","shampoo","Shampoo",\N,\N,"Piece","290","435"
"8999999048181","Sunsilk Shampoo 170ml","shampoo","Shampoo",\N,\N,"Piece","165","270"
"8850002012547","Kodomo Baby Shampoo","shampoo","Shampoo",\N,\N,"Piece","100","160"
"8850002017337","kodomo Sofener","shampoo","Shampoo",\N,\N,"Piece","220","275"
"8850002017320","Kodomo wash","shampoo","Shampoo",\N,\N,"Piece","210","260"
"5013965696411","Pantene Shampoo","shampoo","Shampoo",\N,\N,\N,"460","800"
"8992304078873","Loreal 450ml","shampoo","Shampoo",\N,\N,"Piece","480","720"
"8901030714344","Clinic Plus 175ml","shampoo","Shampoo",\N,\N,"Piece","135","210"
"8901030714351","Clinic Plus 340ml","shampoo","Shampoo",\N,\N,"Piece","245","360"
"8851932292528","Clear Man 340ml","shampoo","Shampoo",\N,\N,\N,"285","435"
"8851932262828","Clear Man 340ml","shampoo","Shampoo",\N,\N,"Piece","285","435"
"8851932350266","Tresmme Shampoo 340ml","shampoo","Shampoo",\N,\N,"Piece","310","465"
"037000069089","head&Shoulder 200ml","shampoo","Shampoo",\N,\N,"Piece","150","240"
"8851932353830","Sunsilk 450ml","shampoo","Shampoo",\N,\N,\N,"380","570"
"8851932354431","Sunsilk Conditioner 160ml","shampoo","Shampoo",\N,\N,\N,"220","350"
"8851932354448","Sunsilk Conditioner 160ml","shampoo","Shampoo",\N,\N,"Piece","220","350"
"8851932354424","Sunsilk Conditioner 160ml","shampoo","Shampoo",\N,\N,"Piece","220","350"
"8851932355421","Sunsilk Conditioner 160ml","shampoo","Shampoo",\N,\N,"Piece","220","350"
"037000062097","Head & Shoulder Smooth 2 In 1","shampoo","Shampoo",\N,\N,"Piece","270","450"
"8851932314626","Clear Shampoo 350ml","shampoo","Shampoo",\N,\N,\N,"290","435"
"079400206589","Dove Shampoo","shampoo","Shampoo",\N,\N,"Piece","365","584"
"8710908789380","Dove Shampoo 250 ml","shampoo","Shampoo",\N,\N,"Piece","170","255"
"8901526102334","loreal Shampo","shampoo","Shampoo",\N,\N,\N,"490","686"
"8901526101504","loreal Shampo","shampoo","Shampoo",\N,\N,"Piece","490","780"
"8941100657065","Sunsilk Shampoo 170ml","shampoo","Shampoo",\N,\N,"Piece","150","165"
"8941100657041","Sunsilk Shampoo 180ml","shampoo","Shampoo",\N,\N,\N,"150","165"
"8851932293518","Clear Man 170ml","shampoo","Shampoo",\N,\N,"Piece","180","300"
"8901526102662","LOREAL Set","shampoo","Shampoo",\N,\N,"Piece","820","1100"
"8991111101255","Johnsons Baby shampoo","jonsons","Johnsons",\N,\N,"Piece","50","90"
"8901012116715","Johnsons Baby Oil 100ml","jonsons","Johnsons",\N,\N,"Piece","128","190"
"8850002907645","Kodomo Baby Set B","jonsons","Johnsons",\N,\N,"Piece","1000","1450"
"0006544","Johnsons Baby SET","jonsons","Johnsons",\N,\N,"Piece","400","560"
"8850007010258","Johnsons Baby Powder 100g","powder","Powder",\N,\N,"Piece","80","120"
"8850007010203","Johnsons Baby Powder S","powder","Powder",\N,\N,"Piece","78","120"
"8850007014478","Johnsons Baby Powder S","powder","Powder",\N,\N,"Piece","78","120"
"8991111102818","Johnsons Baby Powder S","powder","Powder",\N,\N,"Piece","78","120"
"8888202045737","Enchanteur Powder","powder","Powder",\N,\N,"Piece","185","280"
"8901030556753","Ponds Magic Powder","powder","Powder",\N,\N,"Piece","310","400"
"8901030638268","Ponds Sandal Powder","powder","Powder",\N,\N,"Piece","230","355"
"8850007010302","Johnsons Baby Powder 200g","powder","Powder",\N,\N,"Piece","130","210"
"8850002006614","Kodomo Powder","powder","Powder",\N,\N,"Piece","160","240"
"0004591","AMANI code powder","powder","Powder",\N,\N,\N,"400","560"
"5017101047501","yardley Powder","powder","Powder",\N,\N,"Piece","250","350"
"8901030638572","ponds powder m","powder","Powder",\N,\N,"Piece","140","210"
"8901030638589","Ponds Dream Powder S","powder","Powder",\N,\N,"Piece","95","120"
"4005808169351","NIVEA Musk Talc Powder","powder","Powder",\N,\N,"Piece","110","165"
"8852086000489","Active Cooling Powder","powder","Powder",\N,\N,"Piece","270","405"
"8852086000441","Active Cooling Powder","powder","Powder",\N,\N,"Piece","270","405"
"8852086001691","Snake Powder","powder","Powder",\N,\N,"Piece","250","375"
"8852086001042","Snake Powder","powder","Powder",\N,\N,"Piece","250","375"
"8903105010313","Yardley Powder S","powder","Powder",\N,\N,"Piece","115","140"
"8903105010177","Yardley Powder S","powder","Powder",\N,\N,"Piece","115","140"
"8903105010269","Yardley Powder S","powder","Powder",\N,\N,"Piece","111","160"
"8901177711510","Dermi cool","powder","Powder",\N,\N,"Piece","100","130"
"8850002006553","Kodama powder 180g","powder","Powder",\N,\N,"Piece","160","240"
"8901030556722","Ponds Powder S","powder","Powder",\N,\N,"Piece","117","175"
"8851932125871","Ponds Angel Powder","powder","Powder",\N,\N,"Piece","220","330"
"8851932111805","Ponds Angel Powder S","powder","Powder",\N,\N,"Piece","120","180"
"8904006301180","Wild Stone powder","powder","Powder",\N,\N,"Piece","105","170"
"8904006306154","Wild Stone powder","powder","Powder",\N,\N,\N,"105","170"
"8904006306338","Wild Stone powder","powder","Powder",\N,\N,"Piece","105","169.05"
"8513690604509","ICE Cool","powder","Powder",\N,\N,\N,"45","55"
"0003351","Parasuit Hair Oil 50ml","Hair Oil","Hair Oil",\N,\N,"Piece","26","30"
"8901248451031","Emami Hair Oil S","Hair Oil","Hair Oil",\N,\N,"Piece","160","210"
"7529679643323","Dulhan Kesh Kala Hair Oil","Hair Oil","Hair Oil",\N,\N,"Piece","60","110"
"0004315","Emami Hair Oil S","Hair Oil","Hair Oil",\N,\N,"Piece","182","260"
"8901088028110","nihar hair oil","Hair Oil","Hair Oil",\N,\N,"Piece","130","170"
"0004780","Parasuit 100 ml","Hair Oil","Hair Oil",\N,\N,"Piece","60","70"
"8901248257329","Emami Hair Oil S","Hair Oil","Hair Oil",\N,\N,"Piece","95","145"
"5060120163714","argan oil","Hair Oil","Hair Oil",\N,\N,"Piece","230","260"
"8906032881322","Keyaseth alopex penta","Hair Oil","Hair Oil",\N,\N,"Piece","230","899"
"8901030586101","Indulekha Hair Oil","Hair Oil","Hair Oil",\N,\N,"Piece","460","645"
"8901248104159","Navaratna Oil 100ml","Hair Oil","Hair Oil",\N,\N,"Piece","125","190"
"8901088107174","Nihar Hair Oil","Hair Oil","Hair Oil",\N,\N,"Piece","235","312"
"8901088028080","Nihar Hair Oil","Hair Oil","Hair Oil",\N,\N,"Piece","115","170"
"4902430399531","Parasuit Extra Care","Hair Oil","Hair Oil",\N,\N,"Piece","220","240"
"0005861","Parasuit Beli","Hair Oil","Hair Oil",\N,\N,"Piece","200","250"
"8904109909856","Sesa 200ml","Hair Oil","Hair Oil",\N,\N,"Piece","280","390"
"0006017","Parasuit OLI 240ml","Hair Oil","Hair Oil",\N,\N,"Piece","100","120"
"8904109909849","Sesa Hair Oil","Hair Oil","Hair Oil",\N,\N,\N,"160","265"
"8904109463099","patanjali OIL 120ml","Hair Oil","Hair Oil",\N,\N,"Piece","155","250"
"4791111106878","Kumarika 100ml","Hair Oil","Hair Oil",\N,\N,"Piece","68","80"
"8904054680503","Cucumber & Neem Facewash","Facewash","Facewash",\N,\N,"Piece","142","220.1"
"8851932172264","Ponds Flawless Facewash","Facewash","Facewash",\N,\N,"Piece","310","465"
"8901526212224","Garnier White Double Action","Facewash","Facewash",\N,\N,"Piece","215","325"
"8901012188224","Clean & Clear Facewash","Facewash","Facewash",\N,\N,"Piece","180","230.4"
"8901030589928","Lakme Blush Facewash","Facewash","Facewash",\N,\N,"Piece","225","315"
"8901012188101","Clean & Clear Facewash","Facewash","Facewash",\N,\N,"Piece","100","140"
"8906036213389","OSHEA GLOPURE","Facewash","Facewash",\N,\N,"Piece","210","300.3"
"8906036213723","OSHEA NEEMPURE","Facewash","Facewash",\N,\N,"Piece","210","300.3"
"077043104507","ST.LIVES SCRUB","Facewash","Facewash",\N,\N,"Piece","310","440.2"
"8857101126090","YC SCRUB","Facewash","Facewash",\N,\N,"Piece","160","210.4"
"8857101126083","YC SCRUB","Facewash","Facewash",\N,\N,"Piece","160","210.4"
"8857101111188","YC SCRUB","Facewash","Facewash",\N,\N,"Piece","160","210.4"
"8991380232148","Loreal Facewash 100ml","Facewash","Facewash",\N,\N,"Piece","390","585"
"8908008142000","Himalaya Facewash","Facewash","Facewash",\N,\N,"Piece","115","185.01"
"8935006100138","Oxy Active Wash 50g","Facewash","Facewash",\N,\N,"Piece","197","240"
"6925267302541","Face Mask","Facewash","Facewash",\N,\N,"Piece","90","200"
"6925267304095","Face Mask","Facewash","Facewash",\N,\N,"Piece","125","200"
"6925267300523","Face Mask","Facewash","Facewash",\N,\N,"Piece","125","200"
"4005900195821","Nivea Facewash","Facewash","Facewash",\N,\N,"Piece","200","250"
"8935006100404","Acnes Sealing Gel B","Facewash","Facewash",\N,\N,"Piece","280","350"
"070501038406","Neutrogena Facewash","Facewash","Facewash",\N,\N,\N,"370","520"
"8901012182185","Clean & Clear Facewash","Facewash","Facewash",\N,\N,"Piece","125","180"
"070501017104","Neutrogena Facewash","Facewash","Facewash",\N,\N,"Piece","770","1080"
"8992304032431","Loreal Facewash","Facewash","Facewash",\N,\N,"Piece","285","415"
"8992304009679","Loreal Facewash","Facewash","Facewash",\N,\N,"Piece","285","415"
"8992304025518","Loreal Facewash","Facewash","Facewash",\N,\N,"Piece","285","415"
"8992304034534","Loreal Facewash","Facewash","Facewash",\N,\N,"Piece","285","415"
"8901030591532","Ponds Pure White Facewash","Facewash","Facewash",\N,\N,"Piece","220","330"
"6952743800666","Peel-Off Mask","Facewash","Facewash",\N,\N,"Piece","90","200"
"6925267304026","Peel-Off Mask","Facewash","Facewash",\N,\N,"Piece","90","360"
"3574660583861","Johnsons Facewash","Facewash","Facewash",\N,\N,"Piece","360","540"
"3574660583168","Johnsons Facewash","Facewash","Facewash",\N,\N,"Piece","360","540"
"060205038413","Neutrogena Facewash","Facewash","Facewash",\N,\N,"Piece","130","220"
"8901030505584","Ponds Facewash","Facewash","Facewash",\N,\N,"Piece","230","345"
"0004359","Due Facewash","Facewash","Facewash",\N,\N,"Piece","95","150.1"
"8935006101418","oxy facewash","Facewash","Facewash",\N,\N,\N,"312","380.02"
"8991380700029","Garnier Facewash","Facewash","Facewash",\N,\N,"Piece","220","330"
"8992304047152","Garnier Facewash","Facewash","Facewash",\N,\N,"Piece","310","465"
"8992304042546","Garnier Facewash","Facewash","Facewash",\N,\N,"Piece","260","390"
"8992304042522","Garnier Facewash","Facewash","Facewash",\N,\N,"Piece","260","390"
"3600541328853","Garnier Facewash","Facewash","Facewash",\N,\N,"Piece","430","645"
"3600541516199","Garnier Facewash","Facewash","Facewash",\N,\N,"Piece","430","645"
"806360108017","Lotus faceeash","Facewash","Facewash",\N,\N,"Piece","220","330"
"806360551202","Lotus faceeash","Facewash","Facewash",\N,\N,"Piece","210","315"
"806360561201","Lotus faceeash","Facewash","Facewash",\N,\N,"Piece","195","315"
"8901030638947","Fair & Lovely Facewash","Facewash","Facewash",\N,\N,"Piece","175","280"
"8904109400636","aloe vera gel s","Facewash","Facewash",\N,\N,"Piece","85","136"
"8904109400612","aloe vera gel  kesar s","Facewash","Facewash",\N,\N,"Piece","100","160"
"8904109400643","aloe vera gel b","Facewash","Facewash",\N,\N,"Piece","170","255"
"8904109400629","aloe vera gel  kesar b","Facewash","Facewash",\N,\N,"Piece","175","280"
"8901548147191","everyuth peel off mask","Facewash","Facewash",\N,\N,"Piece","95","140"
"8901120146239","everyuth peel off mask B","Facewash","Facewash",\N,\N,"Piece","155","250"
"8857101125420","yc Whitening face wash","Facewash","Facewash",\N,\N,"Piece","120","195"
"8901138815431","Himalaya Facewash","Facewash","Facewash",\N,\N,"Piece","310","435"
"8901030681356","Ponds Facewash s","Facewash","Facewash",\N,\N,"Piece","93","160"
"813760222229","Callagn facewash","Facewash","Facewash",\N,\N,"Piece","290","435"
"8901526523467","Garnier Light Complete","Facewash","Facewash",\N,\N,"Piece","235","350"
"8901030681363","Ponds Pure White Facewash","Facewash","Facewash",\N,\N,"Piece","140","190"
"8901030592928","Dove facewash 100g","Facewash","Facewash",\N,\N,"Piece","235","340"
"8857101125390","yc Whitening face wash","Facewash","Facewash",\N,\N,"Piece","117","180"
"8935006101371","Oxy Deep wash","Facewash","Facewash",\N,\N,"Piece","290","350"
"8908009047045","oxy facewash","Facewash","Facewash",\N,\N,"Piece","260","350"
"8904135205168","Ayur Cleansing milk","Facewash","Facewash",\N,\N,"Piece","310","465"
"8992304001192","Loreal Facewash","Facewash","Facewash",\N,\N,"Piece","390","585"
"8992304082078","Loreal Facewash","Facewash","Facewash",\N,\N,"Piece","400","600"
"8992304009204","Garnier Turbolight Facewash","Facewash","Facewash",\N,\N,"Piece","270","380"
"8901030681349","Ponds White Beauty Facewash","Facewash","Facewash",\N,\N,"Piece","170","320"
"8991111112213","Clean Clear Facewash","Facewash","Facewash",\N,\N,"Piece","185","280"
"8901526542062","Garnier Light Complete Facewash","Facewash","Facewash",\N,\N,"Piece","210","295"
"8908009047144","Acnes Facewash","Facewash","Facewash",\N,\N,"Piece","260","350.04"
"8908009047007","Acnes Facewash s","Facewash","Facewash",\N,\N,"Piece","145","195"
"8908009047014","Oxy Facewash","Facewash","Facewash",\N,\N,"Piece","260","350"
"8908009047076","Oxy Facewash","Facewash","Facewash",\N,\N,"Piece","280","380"
"8901138839659","Himalaya Fruits Fasewash","Facewash","Facewash",\N,\N,"Piece","215","325"
"8901138839673","Himalaya Fruits Fasewash","Facewash","Facewash",\N,\N,"Piece","215","325"
"8901138839680","Himalaya Fruits Fasewash","Facewash","Facewash",\N,\N,"Piece","215","325"
"0005873","Himalaya Fruits Fasewash S","Facewash","Facewash",\N,\N,"Piece","120","180"
"8901138839956","Himalaya Fruits Fasewash S","Facewash","Facewash",\N,\N,"Piece","120","180"
"8901138839949","Himalaya Fruits Fasewash S","Facewash","Facewash",\N,\N,"Piece","120","180"
"8992727005159","Mens Biore Facewash","Facewash","Facewash",\N,\N,"Piece","280","420"
"8992727006330","Mens Biore Facewash","Facewash","Facewash",\N,\N,"Piece","280","420"
"8901138819668","Himalaya Kesar 100ml","Facewash","Facewash",\N,\N,"Piece","220","330"
"8901030588839","Lakme Facewash","Facewash","Facewash",\N,\N,"Piece","225","325"
"8901030366734","Lakme Facewash","Facewash","Facewash",\N,\N,"Piece","150","600"
"8901030708329","Ponds White Beauty Facewash","Facewash","Facewash",\N,\N,"Piece","160","240"
"8992304026270","Loreal Man Facewash","Facewash","Facewash",\N,\N,"Piece","285","415"
"8901012189184","Clean Clear Facewash","Facewash","Facewash",\N,\N,"Piece","155","185"
"8906036213686","Oshea Facewash","Facewash","Facewash",\N,\N,"Piece","220","300"
"8999999053048","Ponds Facewash","Facewash","Facewash",\N,\N,"Piece","230","345"
"8992304082221","Garnier Facewash","Facewash","Facewash",\N,\N,"Piece","250","375"
"8994993000029","Garnier Facewash","Facewash","Facewash",\N,\N,"Piece","235","350"
"8992304019562","Garnier Facewash","Facewash","Facewash",\N,\N,\N,"235","350"
"806360051948","Lotus Herbals Youth","Fairness Cream","Fairness Cream",\N,\N,"Piece","655","799.1"
"4005900196033","Nivea Men Oil Control","Fairness Cream","Fairness Cream",\N,\N,"Piece","230","300"
"8851932171427","Ponds Flawless Night Cream","Fairness Cream","Fairness Cream",\N,\N,"Piece","600","840"
"8851932171403","Ponds Flawless Day Cream","Fairness Cream","Fairness Cream",\N,\N,"Piece","500","750"
"8901526200078","Garnier Anti Ageing Cream 40g","Fairness Cream","Fairness Cream",\N,\N,"Piece","320","450"
"0003385","Keyaseth Tetra Skin Cream","Fairness Cream","Fairness Cream",\N,\N,"Piece","900","1170"
"8908001158664","Nufeel Facial Spray","Fairness Cream","Fairness Cream",\N,\N,"Piece","120","180"
"8906014763011","Bajaj Nomarks Cream","Fairness Cream","Fairness Cream",\N,\N,"Piece","110","150"
"8906014763035","Bajaj Nomarks Cream","Fairness Cream","Fairness Cream",\N,\N,"Piece","110","150"
"8906014763059","Bajaj Nomarks Cream","Fairness Cream","Fairness Cream",\N,\N,"Piece","110","150"
"0003952","Fair & Lovely BB Cream B","Fairness Cream","Fairness Cream",\N,\N,"Piece","210","315"
"8901030649912","Fair & Lovely Cream B","Fairness Cream","Fairness Cream",\N,\N,"Piece","160","260"
"8901030649905","Fair & Lovely Cream S","Fairness Cream","Fairness Cream",\N,\N,"Piece","100","170"
"8901030659744","Fair & Lovely Winter Cream","Fairness Cream","Fairness Cream",\N,\N,"Piece","132","210"
"5032860010405","Sweetzoue Fruity","Chocolate","Chocolate",\N,\N,"Piece","320","416"
"8996001320051","Kopiko Chocolate","Chocolate","Chocolate",\N,\N,"Piece","90","125"
"8000500032237","Ferrero rocher","Chocolate","Chocolate",\N,\N,"Piece","1100","1430"
"8000500037874","Ferrero rocher","Chocolate","Chocolate",\N,\N,"Piece","530","690"
"8850291104909","Golden Garden sakura","Chocolate","Chocolate",\N,\N,"Piece","190","220"
"6958147106212","Golden Garden RED","Chocolate","Chocolate",\N,\N,"Piece","190","220"
"5000159432504","Celebration","Chocolate","Chocolate",\N,\N,"Piece","900","1170"
"03431209","Hersheys syrup","Chocolate","Chocolate",\N,\N,"Piece","260","340"
"03436602","Hersheys syrup","Chocolate","Chocolate",\N,\N,"Piece","290","380"
"4000417044303","Bunter mix mini","Chocolate","Chocolate",\N,\N,"Piece","350","450"
"8680052611182","evliya","Chocolate","Chocolate",\N,\N,"Piece","350","455"
"040000488088","m&m","Chocolate","Chocolate",\N,\N,"Piece","330","430.01"
"5000159452847","Mars Chocolate","Chocolate","Chocolate",\N,\N,"Piece","430","560"
"5000159452885","Twix Chocolate","Chocolate","Chocolate",\N,\N,"Piece","430","560"
"5000159452908","Bounty Chocolate","Chocolate","Chocolate",\N,\N,"Piece","430","560"
"7622210459176","Dairy Milk Oreo","Chocolate","Chocolate",\N,\N,"Piece","550","690"
"5000159475877","Teasers Chocolate","Chocolate","Chocolate",\N,\N,"Piece","530","690"
"8000500253687","Kinder Bureno chocolate","Chocolate","Chocolate",\N,\N,"Piece","430","540"
"7622200009176","Toblerone","Chocolate","Chocolate",\N,\N,"Piece","350","455"
"3800020456484","Kitkat Chocolate","Chocolate","Chocolate",\N,\N,"Piece","350","455"
"8000500023976","Raffaello Chocolate","Chocolate","Chocolate",\N,\N,"Piece","480","625"
"8855282101448","Nutcandy","Chocolate","Chocolate",\N,\N,"Piece","190","250"
"8938504445091","Cashew Carnels","Chocolate","Chocolate",\N,\N,"Piece","250","270"
"6942836702106","Hersheys Chocolate","Chocolate","Chocolate",\N,\N,"Piece","280","350"
"6942836706210","Hersheys Chocolate","Chocolate","Chocolate",\N,\N,"Piece","280","350"
"8111261121198","Love Candy BD","Chocolate","Chocolate",\N,\N,"Piece","30","45"
"8111261121211","Love Candy BD","Chocolate","Chocolate",\N,\N,"Piece","30","45"
"8111261121150","Love Candy BD","Chocolate","Chocolate",\N,\N,"Piece","30","45"
"8850632200062","Love Candy","Chocolate","Chocolate",\N,\N,"Piece","75","90"
"8850632203629","Love Candy","Chocolate","Chocolate",\N,\N,"Piece","75","90"
"0005094","Love Candy","Chocolate","Chocolate",\N,\N,"Piece","60","75"
"0005095","Love Candy","Chocolate","Chocolate",\N,\N,"Piece","60","75"
"9501034774000","Funsations Eclairs","Chocolate","Chocolate",\N,\N,"Piece","230","345"
"9501034693530","Chiko Butter Tops","Chocolate","Chocolate",\N,\N,"Piece","160","240"
"9501034772006","Chiko Eclairs","Chocolate","Chocolate",\N,\N,"Piece","160","240"
"9501034774109","Chiko Eclairs","Chocolate","Chocolate",\N,\N,"Piece","190","285"
"9501034834001","Chiko Eclairs","Chocolate","Chocolate",\N,\N,"Piece","190","285"
"6954302921591","Big Egg Dada","Chocolate","Chocolate",\N,\N,"Piece","105","160"
"8690562041294","Fenomen Cake","Chocolate","Chocolate",\N,\N,"Piece","37","60"
"6970790822691","Kings Joy Egg","Chocolate","Chocolate",\N,\N,"Piece","14","35"
"4897033224277","Cherir Chocolate","Chocolate","Chocolate",\N,\N,"Piece","265","425"
"6931326502432","Max Choco","Chocolate","Chocolate",\N,\N,"Piece","75","120"
"4897033224918","Max Choco","Chocolate","Chocolate",\N,\N,"Piece","70","110"
"6931326502449","Max Choco","Chocolate","Chocolate",\N,\N,"Piece","75","120"
"8901233028934","Dairy Milk","Chocolate","Chocolate",\N,\N,"Piece","65","100"
"6921078506116","Cup Chocolate","Chocolate","Chocolate",\N,\N,"Piece","10","30"
"6942199310598","QuquBang Biscuit","Chocolate","Chocolate",\N,\N,"Piece","15","30"
"8901233026152","Dairy Milk Bubbly","Chocolate","Chocolate",\N,\N,"Piece","230","325"
"8901233026138","Dairy Milk Bubbly","Chocolate","Chocolate",\N,\N,"Piece","110","155"
"841165127689","Eclairs 200g","Chocolate","Chocolate",\N,\N,"Piece","90","190"
"9501034770750","Chiko chocolate","Chocolate","Chocolate",\N,\N,"Piece","60","85"
"9501034770767","Chiko chocolate s","Chocolate","Chocolate",\N,\N,"Piece","40","55"
"9501034690751","Chiko chocolate s","Chocolate","Chocolate",\N,\N,"Piece","40","55"
"9556320100520","Big Top Mango","Chocolate","Chocolate",\N,\N,"Piece","60","90"
"9556320100544","Big Top Roasted corn","Chocolate","Chocolate",\N,\N,"Piece","60","90"
"9556320100537","Big Top strawberry","Chocolate","Chocolate",\N,\N,"Piece","90","135"
"8694402008638","Doriva Magic Chocolate","Chocolate","Chocolate",\N,\N,"Piece","315","425"
"8694402008645","Doriva Magic Chocolate","Chocolate","Chocolate",\N,\N,"Piece","315","425"
"9338329026137","Eclairs 170g","Chocolate","Chocolate",\N,\N,"Piece","90","190"
"6291003071010","Eclaies Chocolate","Chocolate","Chocolate",\N,\N,"Piece","255","450"
"8901233023489","Eclairs 196g","Chocolate","Chocolate",\N,\N,"Piece","98","170"
"6935875213894","Carestel Aromatic toffee","Chocolate","Chocolate",\N,\N,"Piece","320","465"
"0005259","Magic 24pis","Chocolate","Chocolate",\N,\N,"Piece","235","350"
"8680972109936","Magic 12pis","Chocolate","Chocolate",\N,\N,"Piece","135","190"
"0005266","Love Candy","Chocolate","Chocolate",\N,\N,"Piece","60","75"
"0005270","Love Candy","Chocolate","Chocolate",\N,\N,"Piece","60","75"
"8690997134196","Magic Tayas","Chocolate","Chocolate",\N,\N,"Piece","630","880"
"8697671966425","Cool Vifyan","Chocolate","Chocolate",\N,\N,\N,"415","580"
"9501034831000","Toffes","Chocolate","Chocolate",\N,\N,"Piece","480","675"
"9501034779357","Chiko chocolate ","Chocolate","Chocolate",\N,\N,"Piece","385","540.01"
"9327342004154","Toffees Caramels","Chocolate","Chocolate",\N,\N,\N,"480","675"
"6935875213900","Carestel Aromatic toffee","Chocolate","Chocolate",\N,\N,"Piece","355","500"
"9501034777759","Chiko Eclairs Chocolate","Chocolate","Chocolate",\N,\N,\N,"285","410"
"9501034778008","Chiko Eclairs Chocolate","Chocolate","Chocolate",\N,\N,"Piece","285","410"
"0005363","Eclaies Chocolate","Chocolate","Chocolate",\N,\N,"Piece","130","180"
"0005364","Della Chocolate","Chocolate","Chocolate",\N,\N,"Piece","220","330"
"0005365","Crevangs chocolate","Chocolate","Chocolate",\N,\N,"Piece","240","340"
"0005366","mini Chocolate","Chocolate","Chocolate",\N,\N,"Piece","70","150"
"0005367","mini Chocolate","Chocolate","Chocolate",\N,\N,"Piece","120","180"
"8901058857269","KitKat Chocolate B","Chocolate","Chocolate",\N,\N,"Piece","40","60"
"8901058857221","KitKat Chocolate S","Chocolate","Chocolate",\N,\N,"Piece","23","35"
"8901233028514","5 Star Chocolate","Chocolate","Chocolate",\N,\N,"Piece","15","30"
"8901233030548","Dairy Milk S","Chocolate","Chocolate",\N,\N,"Piece","13","20"
"8901233028392","Dairy Milk M","Chocolate","Chocolate",\N,\N,"Piece","32","40"
"0005608","Gold Rose Chocolate","Chocolate","Chocolate",\N,\N,"Piece","220","310"
"0005609","Gold Rose Chocolate","Chocolate","Chocolate",\N,\N,"Piece","170","240"
"0005657"," Della Chocolate mini","Chocolate","Chocolate",\N,\N,"Piece","166","250"
"8858223010830","Royal Wafer","Chocolate","Chocolate",\N,\N,"Piece","195","290"
"8858223010328","Royal Wafer","Chocolate","Chocolate",\N,\N,"Piece","195","290"
"9555737302466","Toffees Party","Chocolate","Chocolate",\N,\N,"Piece","165","250"
"8697671967125","Choco Gold Chocolate","Chocolate","Chocolate",\N,\N,"Piece","340","510"
"8690997171023","Love Chocolate","Chocolate","Chocolate",\N,\N,"Piece","195","290"
"8697671951247","Lale Olivya Chocolate","Chocolate","Chocolate",\N,\N,"Piece","230","345"
"8697411122968","Chico Assorjet Chocolate","Chocolate","Chocolate",\N,\N,"Piece","135","200"
"4897033224901","Ginnon Chocolate","Chocolate","Chocolate",\N,\N,"Piece","115","175"
"4897055876133","Tropical Jellies","Chocolate","Chocolate",\N,\N,"Piece","135","200"
"3904647880667","Ozel Chocolate","Chocolate","Chocolate",\N,\N,"Piece","240","360"
"8697671967132","Choco Gold Chocolate","Chocolate","Chocolate",\N,\N,"Piece","300","300"
"8697671967163","Choco Gold Chocolate","Chocolate","Chocolate",\N,\N,"Piece","300","300"
"8697620136794","Tayas Love Chocolate","Chocolate","Chocolate",\N,\N,"Piece","350","525"
"8901233028859","Dairy Milk Silk","Chocolate","Chocolate",\N,\N,"Piece","100","100"
"8901233028873","Dairy Milk Silk","Chocolate","Chocolate",\N,\N,"Piece","235","330"
"8901233021942","Dairy Milk Silk S","Chocolate","Chocolate",\N,\N,"Piece","96","135"
"8901233021836","Dairy Milk Silk S","Chocolate","Chocolate",\N,\N,"Piece","96","135"
"8901233021829","Dairy Milk Silk S","Chocolate","Chocolate",\N,\N,"Piece","96","135"
"4037719065026","mango Drops","Chocolate","Chocolate",\N,\N,"Piece","165","230"
"4013197767027","Cherry Drops","Chocolate","Chocolate",\N,\N,"Piece","165","230"
"8901233034188","Dairy Milk 60g","Chocolate","Chocolate",\N,\N,\N,"90","130"
"8901233030517","Dairy Milk ","Chocolate","Chocolate",\N,\N,\N,"7","10"
"6291003005657","chocolatr","Chocolate","Chocolate",\N,\N,\N,"70","80"
"9556439880641","Lexus vegetable","Biscuits","Biscuits",\N,\N,"Piece","190","250"
"8901719101397","Black Bourbon","Biscuits","Biscuits",\N,\N,"Piece","60","80"
"8901721250410","Soan papdi","Biscuits","Biscuits",\N,\N,"Piece","85","115"
"9556562001777","Daily Fibre","Biscuits","Biscuits",\N,\N,"Piece","630","850"
"9556562001272","Oat Calcium","Biscuits","Biscuits",\N,\N,"Piece","630","850"
"9556184800048","Happy Day","Biscuits","Biscuits",\N,\N,"Piece","650","880"
"9556439880856","Funmix","Biscuits","Biscuits",\N,\N,"Piece","520","720"
"9556121000111","Cheese","Biscuits","Biscuits",\N,\N,"Piece","570","780.02"
"9556085302122","Cream Crackers","Biscuits","Biscuits",\N,\N,"Piece","580","785"
"0004157","School Bag","School Bag","President",\N,\N,"Piece","340","510"
"0003604","Ladies Purse","Ladies Purse","Ladies Purse",\N,\N,"Piece","1020","1650"
"0003605","Ladies Purse","Ladies Purse","Ladies Purse",\N,\N,"Piece","760","1140"
"0003606","Ladies Purse","Ladies Purse","Ladies Purse",\N,\N,"Piece","950","1520"
"0003607","Ladies Purse","Ladies Purse","Ladies Purse",\N,\N,"Piece","670","1330"
"0003608","Ladies Purse","Ladies Purse","Ladies Purse",\N,\N,"Piece","590","1200"
"0003609","Ladies Purse","Ladies Purse","Ladies Purse",\N,\N,"Piece","930","1500.09"
"0003610","Ladies Purse","Ladies Purse","Ladies Purse",\N,\N,"Piece","830","1399.93"
"0004425","Ladies Purse","Ladies Purse","Ladies Purse",\N,\N,"Piece","1010","1610.05"
"0004426","Ladies Purse","Ladies Purse","Ladies Purse",\N,\N,"Piece","950","1520"
"0004427","Ladies Purse","Ladies Purse","Ladies Purse",\N,\N,"Piece","800","1280"
"0004428","Ladies Purse","Ladies Purse","Ladies Purse",\N,\N,"Piece","680","1080.03"
"0004430","Ladies Purse","Ladies Purse","Ladies Purse",\N,\N,"Piece","1050","1680"
"0004431","Ladies Purse","Ladies Purse","Ladies Purse",\N,\N,"Piece","850","1360"
"0004432","Ladies Purse","Ladies Purse","Ladies Purse",\N,\N,"Piece","850","1445"
"0004433","Ladies Purse","Ladies Purse","Ladies Purse",\N,\N,"Piece","530","900"
"0004434","Ladies Purse","Ladies Purse","Ladies Purse",\N,\N,"Piece","770","1309"
"0004439","Ladies Purse","Ladies Purse","Ladies Purse",\N,\N,"Piece","760","1216"
"0004440","Ladies Purse","Ladies Purse","Ladies Purse",\N,\N,"Piece","560","950.01"
"0004640","Ladies Purse","Ladies Purse","Ladies Purse",\N,\N,"Piece","550","1155"
"0004641","Ladies Purse Boll","Ladies Purse","Ladies Purse",\N,\N,"Piece","1200","2160"
"0004642","Ladies Purse","Ladies Purse","Ladies Purse",\N,\N,"Piece","950","1710"
"0004643","Ladies Purse","Ladies Purse","Ladies Purse",\N,\N,"Piece","850","1445"
"0004644","Ladies Purse","Ladies Purse","Ladies Purse",\N,\N,"Piece","1050","1785"
"0004645","Ladies Bag","Ladies Purse","Ladies Purse",\N,\N,"Piece","1150","1955"
"0004646","Ladies Purse","Ladies Purse","Ladies Purse",\N,\N,"Piece","900","1575"
"0004647","Ladies Purse","Ladies Purse","Ladies Purse",\N,\N,"Piece","900","1530"
"0004648","Ladies Purse","Ladies Purse","Ladies Purse",\N,\N,"Piece","950","1615"
"0004682","Ladies Purse","Ladies Purse","Ladies Purse",\N,\N,"Piece","735","1300"
"0004812","Ladies Purse","Ladies Purse","Ladies Purse",\N,\N,"Piece","700","1260"
"0004813","Ladies Purse","Ladies Purse","Ladies Purse",\N,\N,"Piece","600","1140"
"0004814","Ladies Purse","Ladies Purse","Ladies Purse",\N,\N,"Piece","400","640"
"0004815","Ladies Bag","Ladies Purse","Ladies Purse",\N,\N,"Piece","750","1350"
"0004816","Ladies Purse","Ladies Purse","Ladies Purse",\N,\N,"Piece","900","1710"
"0004817","Ladies Bag","Ladies Purse","Ladies Purse",\N,\N,"Piece","1250","2125"
"0004818","Ladies Bag","Ladies Purse","Ladies Purse",\N,\N,"Piece","1120","1960"
"0004819","Ladies Bag","Ladies Purse","Ladies Purse",\N,\N,"Piece","920","1242"
"0004820","Ladies Purse","Ladies Purse","Ladies Purse",\N,\N,"Piece","700","1295"
"0004821","Ladies Purse","Ladies Purse","Ladies Purse",\N,\N,"Piece","950","1710"
"0005262","Ladies Purse","Ladies Purse","Ladies Purse",\N,\N,"Piece","290","450"
"0006000","Ladies Purse","Ladies Purse","Ladies Purse",\N,\N,"Piece","940","1840"
"0006045","Ladies purse","Ladies Purse","Ladies Purse",\N,\N,"Piece","1000","1850"
"0006046","Ladies Purse","Ladies Purse","Ladies Purse",\N,\N,"Piece","3200","4000"
"0006063","Ladies Purse","Ladies Purse","Ladies Purse",\N,\N,"Piece","600","1200"
"0006064","Ladies Purse","Ladies Purse","Ladies Purse",\N,\N,"Piece","690","1380"
"0006065","Ladies Purse","Ladies Purse","Ladies Purse",\N,\N,\N,"900","1800"
"0006066","Ladies Purse","Ladies Purse","Ladies Purse",\N,\N,"Piece","900","1710"
"0006071","Ladies Purse","Ladies Purse","Ladies Purse",\N,\N,"Piece","1000","1500"
"0006072","Ladies Purse","Ladies Purse","Ladies Purse",\N,\N,\N,"880","1760"
"0006221","Ladies Purse","Ladies Purse","Ladies Purse",\N,\N,"Piece","750","1395"
"0006222","Ladies purse","Ladies Purse","Ladies Purse",\N,\N,"Piece","960","1745"
"0006223","Ladies purse","Ladies Purse","Ladies Purse",\N,\N,"Piece","930","1690"
"0006234","Ladies Purse","Ladies Purse","Ladies Purse",\N,\N,"Piece","950","1750"
"0006402","Ladies Purse","Ladies Purse","Ladies Purse",\N,\N,"Piece","1000","2000"
"0006424","Ladies Purse","Ladies Purse","Ladies Purse",\N,\N,"Piece","550","1100"
"0006425","Ladies Purse","Ladies Purse","Ladies Purse",\N,\N,"Piece","700","1400"
"0006426","Ladies Purse","Ladies Purse","Ladies Purse",\N,\N,"Piece","1000","2040"
"0006427","Ladies Purse","Ladies Purse","Ladies Purse",\N,\N,"Piece","950","1805"
"0006428","Ladies Purse","Ladies Purse","Ladies Purse",\N,\N,"Piece","1600","2560"
"0006429","Ladies Purse","Ladies Purse","Ladies Purse",\N,\N,"Piece","850","1615"
"0006430","Ladies Purse","Ladies Purse","Ladies Purse",\N,\N,"Piece","900","1710"
"0003613","Ladies Bag","Ladies Purse","Ladies Bag",\N,\N,"Piece","1020","1650"
"0003614","Ladies Bag","Ladies Purse","Ladies Bag",\N,\N,"Piece","720","840"
"0003615","Ladies Bag","Ladies Purse","Ladies Bag",\N,\N,"Piece","830","1330.12"
"0003616","Ladies Bag","Ladies Purse","Ladies Bag",\N,\N,"Piece","750","1050"
"0003617","Ladies Purse","Ladies Purse","Ladies Bag",\N,\N,"Piece","750","1275"
"0003618","Ladies Bag","Ladies Purse","Ladies Bag",\N,\N,"Piece","880","1320"
"0003619","Ladies Purse","Ladies Purse","Ladies Bag",\N,\N,"Piece","1050","1680"
"0003620","Ladies Bag","Ladies Purse","Ladies Bag",\N,\N,"Piece","880","1230.24"
"0003621","Ladies Bag","Ladies Purse","Ladies Bag",\N,\N,"Piece","730","1095"
"0003622","Ladies Purse","Ladies Purse","Ladies Bag",\N,\N,"Piece","770","1270"
"0003968","Ladies Bag","Ladies Purse","Ladies Bag",\N,\N,"Piece","1300","1950"
"0004437","Ladies Bag","Ladies Purse","Ladies Bag",\N,\N,"Piece","420","756"
"0004438","Ladies Bag","Ladies Purse","Ladies Bag",\N,\N,"Piece","830","1328"
"0005087","Ladies Purse","Ladies Purse","Ladies Bag",\N,\N,"Piece","400","480"
"0005088","Ladies Bag","Ladies Purse","Ladies Bag",\N,\N,"Piece","650","1040"
"0006044","Ladies Bag","Ladies Purse","Ladies Bag",\N,\N,"Piece","920","1670"
"0006067","Ladies Bag","Ladies Purse","Ladies Bag",\N,\N,"Piece","350","525"
"0006068","Ladies Bag","Ladies Purse","Ladies Bag",\N,\N,"Piece","770","1380"
"0006069","Ladies Bag","Ladies Purse","Ladies Bag",\N,\N,"Piece","890","1650"
"0006224","Ladies Bag","Ladies Purse","Ladies Bag",\N,\N,"Piece","1000","1700"
"0006225","Ladies Bag","Ladies Purse","Ladies Bag",\N,\N,"Piece","900","1330"
"0006226","Ladies Bag","Ladies Purse","Ladies Bag",\N,\N,"Piece","950","1710"
"0006227","Ladies Bag","Ladies Purse","Ladies Bag",\N,\N,"Piece","750","1500"
"0006228","Ladies Bag","Ladies Purse","Ladies Bag",\N,\N,"Piece","980","1675"
"0006229","Ladies Bag","Ladies Purse","Ladies Bag",\N,\N,"Piece","750","1200"
"0006230","Ladies Bag","Ladies Purse","Ladies Bag",\N,\N,"Piece","630","1008"
"0006231","Ladies Bag","Ladies Purse","Ladies Bag",\N,\N,"Piece","730","1160"
"0006232","Ladies Bag","Ladies Purse","Ladies Bag",\N,\N,"Piece","1150","2185"
"0006233","Ladies Bag","Ladies Purse","Ladies Bag",\N,\N,"Piece","1130","2090"
"8994706026469","President 8973 28 \"","Travel Bag","Travel Bag",\N,\N,"Piece","5400","6500"
"8994706026414","President 8973 24\"","Travel Bag","Travel Bag",\N,\N,"Piece","5000","6000"
"8994706008700","President 8445 28\"","Travel Bag","Travel Bag",\N,\N,"Piece","4900","5800.13"
"0003289","President 1115 22\"","Travel Bag","Travel Bag",\N,\N,"Piece","3500","4000.5"
"8994706029002","President 1152 28\"","Travel Bag","Travel Bag",\N,\N,"Piece","4000","4600"
"8994706028937","President 1152 20\"","Travel Bag","Travel Bag",\N,\N,"Piece","2900","3400"
"8994706029385","President 1186 28\"","Travel Bag","Travel Bag",\N,\N,"Piece","4200","5100.06"
"8994706029309","President 1186 20\"","Travel Bag","Travel Bag",\N,\N,"Piece","3100","3700.1"
"8994706029033","President 1115 22\"","Travel Bag","Travel Bag",\N,\N,"Piece","3600","4100"
"8994706028784","President 8952 28\"","Travel Bag","Travel Bag",\N,\N,"Piece","5300","6400.02"
"8994706029187","President 1185 20\"","Travel Bag","Travel Bag",\N,\N,"Piece","3200","3800"
"8994706035041","President 9123 24\"","Travel Bag","Travel Bag",\N,\N,"Piece","4900","6000.54"
"8994706011151","President 8390 26\"","Travel Bag","Travel Bag",\N,\N,"Piece","5000","5800"
"8994706031319","President 9071 18\"","Travel Bag","Travel Bag",\N,\N,"Piece","4300","5200.01"
"00009071","President 18 9071","Travel Bag","Travel Bag",\N,\N,"Piece","4300","5203"
"0003537","President 8427 24\"","Travel Bag","Travel Bag",\N,\N,"Piece","4600","5400.4"
"0003686","President","Travel Bag","Travel Bag",\N,\N,\N,"3700","4303.1"
"0003696","Trolly Bag","Travel Bag","Travel Bag",\N,\N,"Piece","3300","4303.2"
"0003697","Romar Trolly 24\"","Travel Bag","Travel Bag",\N,\N,"Piece","1700","2380"
"0003759","Daniel Travel Bag 24\"","Travel Bag","Travel Bag",\N,\N,"Piece","2500","2900"
"0003778","Discovery Trolly Bag 24\"","Travel Bag","Travel Bag",\N,\N,"Piece","1600","2240"
"0003779","Discovery Trolly Bag 20\"","Travel Bag","Travel Bag",\N,\N,"Piece","1000","1600"
"8994706026506","President 9005 24\"","Travel Bag","Travel Bag",\N,\N,"Piece","5000","6000"
"8994706035072","President 1802 22\"","Travel Bag","Travel Bag",\N,\N,"Piece","5100","6100"
"8994706029255","president 1185 28\"","Travel Bag","Travel Bag",\N,\N,"Piece","4200","5000.1"
"8994706028975","president 1152 24\"","Travel Bag","Travel Bag",\N,\N,"Piece","3500","4000.01"
"8994706028944","president 1152 20\"","Travel Bag","Travel Bag",\N,\N,"Piece","2900","3400"
"8994706028333","president 1150 20\"","Travel Bag","Travel Bag",\N,\N,\N,"2900","3300"
"8994706007888","president 8390 22\"","Travel Bag","Travel Bag",\N,\N,"Piece","4600","5400"
"8994706029422","president 1090 22\"","Travel Bag","Travel Bag",\N,\N,"Piece","3400","4100.4"
"8994706026537","president 9005 28\"","Travel Bag","Travel Bag",\N,\N,"Piece","5200","6300"
"0003790","president 8973 28\"","Travel Bag","Travel Bag",\N,\N,"Piece","5400","6500"
"8994706035058","president 9123 28\"","Travel Bag","Travel Bag",\N,\N,"Piece","5300","6500"
"8994706035034","president 9123 20\"","Travel Bag","Travel Bag",\N,\N,"Piece","3900","4700.01"
"0003793","president C88 28\"","Travel Bag","Travel Bag",\N,\N,"Piece","6800","8400"
"8994706034990","president 9117 28\"","Travel Bag","Travel Bag",\N,\N,"Piece","6200","7500"
"8994706031388","president 9071 28\"","Travel Bag","Travel Bag",\N,\N,"Piece","6200","7500"
"8994706031333","president 9071 24\"","Travel Bag","Travel Bag",\N,\N,"Piece","5400","6500"
"8994706024687","President 8925 28\"","Travel Bag","Travel Bag",\N,\N,"Piece","5600","6700"
"8994706035027","President 8983 28\"","Travel Bag","Travel Bag",\N,\N,"Piece","5200","6300.01"
"0003799","President 5093 24\"","Travel Bag","Travel Bag",\N,\N,"Piece","3500","4100.01"
"8994706034983","President 9117 24\"","Travel Bag","Travel Bag",\N,\N,"Piece","5400","6500"
"8994706026544","President 9005 28\"","Travel Bag","Travel Bag",\N,\N,"Piece","5200","6300"
"8994706028890","President 1151 28\"","Travel Bag","Travel Bag",\N,\N,"Piece","3900","4500"
"8994706028876","President 1151 24\"","Travel Bag","Travel Bag",\N,\N,"Piece","3400","3900"
"8994706029415","President 1152 24\"","Travel Bag","Travel Bag",\N,\N,"Piece","3500","4000"
"8994706028180","President 862 28\"","Travel Bag","Travel Bag",\N,\N,"Piece","3600","4300.1"
"8994706031357","President 9071 24\"","Travel Bag","Travel Bag",\N,\N,"Piece","5400","6500"
"8994706031296","President 9068 28\"","Travel Bag","Travel Bag",\N,\N,"Piece","6000","7200"
"8994706031265","President 9065 24\"","Travel Bag","Travel Bag",\N,\N,"Piece","5200","6300"
"8994706028227","President 1017 26\"","Travel Bag","Travel Bag",\N,\N,"Piece","3900","4500"
"8994706027879","President 1017 22\"","Travel Bag","Travel Bag",\N,\N,"Piece","3400","3900"
"8994706028555","President 1090 26\"","Travel Bag","Travel Bag",\N,\N,"Piece","3800","4600.28"
"8994706028524","President 1090 22\"","Travel Bag","Travel Bag",\N,\N,"Piece","3600","4100.04"
"8994706029231","President 1185 24\"","Travel Bag","Travel Bag",\N,\N,"Piece","3800","4500.08"
"8994706029194","President 1185 20\"","Travel Bag","Travel Bag",\N,\N,"Piece","3100","3800.05"
"8994706023499","President 8390 22\"","Travel Bag","Travel Bag",\N,\N,"Piece","4500","5400"
"8994706028678","President 1069 28\"","Travel Bag","Travel Bag",\N,\N,"Piece","3600","5000.4"
"8994706029262","President 1185 28\"","Travel Bag","Travel Bag",\N,\N,"Piece","4200","5000.1"
"0003821","President c88 26\"","Travel Bag","Travel Bag",\N,\N,"Piece","6500","8000.2"
"8994706035065","President 9156 18\"","Travel Bag","Travel Bag",\N,\N,"Piece","4000","4800"
"0003823","President 333 20\"","Travel Bag","Travel Bag",\N,\N,"Piece","2200","2600.4"
"8994706008670","President 8445 24\"","Travel Bag","Travel Bag",\N,\N,"Piece","4600","5400.4"
"8994706020405","President 8782 28\"","Travel Bag","Travel Bag",\N,\N,"Piece","5400","6501.6"
"8994706008717","President 8445 28\"","Travel Bag","Travel Bag",\N,\N,"Piece","4800","5800.32"
"8994706031371","President 9071 28\"","Travel Bag","Travel Bag",\N,\N,"Piece","6300","7500.16"
"0004069","Gents Bag","Travel Bag","Travel Bag",\N,\N,"Piece","570","880"
"0004070","Gents Bag","Travel Bag","Travel Bag",\N,\N,"Piece","590","950"
"8994706028241","President 1075 20\"","Travel Bag","Travel Bag",\N,\N,"Piece","2800","3400"
"8994706028272","President 1075 24\"","Travel Bag","Travel Bag",\N,\N,"Piece","3400","3900"
"8994706029606","President 1075 24\"","Travel Bag","Travel Bag",\N,\N,"Piece","3400","3900"
"8994706029613","President 1075 20\"","Travel Bag","Travel Bag",\N,\N,"Piece","2800","3300.08"
"8994706028289","President 1075 24\"","Travel Bag","Travel Bag",\N,\N,"Piece","3400","3900"
"8994706029569","President 1186 26\"","Travel Bag","Travel Bag",\N,\N,"Piece","4300","5100"
"8994706029491","President 1186 22\"","Travel Bag","Travel Bag",\N,\N,"Piece","3800","4500"
"8994706029538","President 1186 26\"","Travel Bag","Travel Bag",\N,\N,"Piece","4300","5100"
"8994706029590","President 1150 20\"","Travel Bag","Travel Bag",\N,\N,"Piece","3000","3500"
"8994706029576","President 1150 24\"","Travel Bag","Travel Bag",\N,\N,"Piece","3600","4100"
"8994706028340","President 1080 18\"","Travel Bag","Travel Bag",\N,\N,"Piece","2900","3300"
"8994706028371","President 1080 22\"","Travel Bag","Travel Bag",\N,\N,"Piece","3400","3900"
"8994706028364","President 1150 24\"","Travel Bag","Travel Bag",\N,\N,"Piece","3600","4100"
"8994706029675","President 1151 20\"","Travel Bag","Travel Bag",\N,\N,"Piece","2800","3300"
"8994706029682","President 1151 24\"","Travel Bag","Travel Bag",\N,\N,"Piece","3400","3900"
"8994706028845","President 1151 20\"","Travel Bag","Travel Bag",\N,\N,"Piece","2800","3300"
"8994706029477","President 861 24\"","Travel Bag","Travel Bag",\N,\N,"Piece","3400","3900"
"8994706007802","President 8427 24\"","Travel Bag","Travel Bag",\N,\N,"Piece","4600","5400"
"0004158","Travel Bag","Travel Bag","Travel Bag",\N,\N,"Piece","610","915"
"0004159","Travel Bag","Travel Bag","Travel Bag",\N,\N,"Piece","725","1090"
"0004160","Travel Bag","Travel Bag","Travel Bag",\N,\N,"Piece","950","1425"
"8994706028210","President 1017 22\"","Travel Bag","Travel Bag",\N,\N,"Piece","3400","3900"
"0004498","japan 20","Travel Bag","Travel Bag",\N,\N,"Piece","600","1140"
"0004503","leaves king 24\"","Travel Bag","Travel Bag",\N,\N,"Piece","1500","2250"
"0004823","Apex Trolly Bag 20\"","Travel Bag","Travel Bag",\N,\N,"Piece","500","900"
"0004824","Apex Trolly Bag 24\"","Travel Bag","Travel Bag",\N,\N,"Piece","1000","2250"
"0004825","Japan trolly bag ","Travel Bag","Travel Bag",\N,\N,"Piece","600","900"
"0004826","Japan trolly bag 24\"","Travel Bag","Travel Bag",\N,\N,"Piece","830","1245"
"0004827","Del pocket trolly bag 20\"","Travel Bag","Travel Bag",\N,\N,"Piece","1350","2025"
"0004828","Del pocket trolly bag 24\"","Travel Bag","Travel Bag",\N,\N,"Piece","1600","2240"
"0004857","daniel 20\"","Travel Bag","Travel Bag",\N,\N,\N,"1700","2550"
"0005443","Travel bag","Travel Bag","Travel Bag",\N,\N,"Piece","1700","2550"
"0005444","Travel bag","Travel Bag","Travel Bag",\N,\N,"Piece","1950","2730"
"0005445","Travel bag 24\"","Travel Bag","Travel Bag",\N,\N,"Piece","1900","2356"
"0005446","Travel bag 24\"","Travel Bag","Travel Bag",\N,\N,"Piece","1400","2100"
"0005447","Travel bag 24\"","Travel Bag","Travel Bag",\N,\N,"Piece","650","1170"
"0005448","Travel bag 24\"","Travel Bag","Travel Bag",\N,\N,"Piece","900","1650"
"0006091","traver bag","Travel Bag","Travel Bag",\N,\N,"Piece","1325","2120"
"0006092","traver bag","Travel Bag","Travel Bag",\N,\N,"Piece","900","1100"
"0006093","traver bag","Travel Bag","Travel Bag",\N,\N,"Piece","1550","2480"
"0006094","traver bag","Travel Bag","Travel Bag",\N,\N,"Piece","1400","2240"
"0004103","Towel","Towel","Towel",\N,\N,"Piece","450","675"
"0004104","towel","Towel","Towel",\N,\N,"Piece","280","480.01"
"0004105","Towel","Towel","Towel",\N,\N,"Piece","130","300"
"0004268","Towel","Towel","Towel",\N,\N,"Piece","180","330"
"0004269","Towel","Towel","Towel",\N,\N,"Piece","78","130"
"0005630","Towel","Towel","Towel",\N,\N,"Piece","220","375"
"0005860","Towel","Towel","Towel",\N,\N,"Piece","130","260"
"0006120","Towel","Towel","Towel",\N,\N,"Piece","480","675"
"0006121","Towel","Towel","Towel",\N,\N,"Piece","435","630"
"0006122","Towel","Towel","Towel",\N,\N,"Piece","370","520"
"0006123","Towel","Towel","Towel",\N,\N,"Piece","530","750"
"0006124","Towel","Towel","Towel",\N,\N,"Piece","280","420"
"0006125","Towel","Towel","Towel",\N,\N,\N,"230","370"
"0006126","Towel","Towel","Towel",\N,\N,\N,"150","240"
"0006127","Towel","Towel","Towel",\N,\N,"Piece","190","380"
"0006128","Towel","Towel","Towel",\N,\N,"Piece","170","340"
"0006129","Towel","Towel","Towel",\N,\N,\N,"320","480"
"0006417","Towel","Towel","Towel",\N,\N,"Piece","75","150"
"0004052","Khopa Tiara","Necklace","Necklace",\N,\N,"Piece","160","270"
"0004563","Gold Plated Necklace","Necklace","Necklace",\N,\N,"Piece","1500","3075"
"0005065","Gold Plated Set","Necklace","Necklace",\N,\N,"Piece","750","1575"
"0005080","Gold Plated Set","Necklace","Necklace",\N,\N,"Piece","2025","3645"
"0005246","Gold Plated Neclace Set","Necklace","Necklace",\N,\N,"Piece","1350","2970"
"088021512009","Cute glycering","Glycerine","Glycerine",\N,\N,"Piece","33","40"
"892102011714","Kumkum Glycering","Glycerine","Glycerine",\N,\N,"Piece","40","60"
"0005881","Uniqe glycering","Glycerine","Glycerine",\N,\N,"Piece","50","61"
"0005887","Active Fair Nipple","ChuChu","ChuChu",\N,\N,"Piece","18","40"
"8850851511239","Angel Nipple","ChuChu","ChuChu",\N,\N,"Piece","32","45"
"8850851511246","Angel Nipple","ChuChu","ChuChu",\N,\N,"Piece","32","45"
"8850851511222","Angel Nipple","ChuChu","ChuChu",\N,\N,"Piece","32","45"
"8904056900012","Jolen Bleach Cream","CREAM","Cream",\N,\N,"Piece","150","180"
"0003367","Beauty Night Cream","CREAM","Cream",\N,\N,"Piece","280","400.4"
"0003383","Skinshine 30g","CREAM","Cream",\N,\N,"Piece","80","160"
"8906043560629","Evora Whitening Cream","CREAM","Cream",\N,\N,"Piece","160","290"
"8901030637360","Fair and lovely 50g","CREAM","Cream",\N,\N,"Piece","120","170.4"
"0003562","Fair and lovely Fairness Cream","CREAM","Cream",\N,\N,"Piece","165","280"
"1239131191519","N+C+","CREAM","Cream",\N,\N,"Piece","150","250.5"
"3061375292077","BREAST CREAM","CREAM","Cream",\N,\N,\N,"235","350.15"
"806360130506","Lotus Herbals Cream","CREAM","Cream",\N,\N,"Piece","450","675"
"8904054680022","Bio Beauty Scar Removing Cream","CREAM","Cream",\N,\N,"Piece","218","340"
"4005808890507","Nivea Soft Cream 200ml","CREAM","Cream",\N,\N,"Piece","300","420"
"8904035410259","Bleach Cream","CREAM","Cream",\N,\N,"Piece","74","115"
"8901030638121","Posds White Beauty Cream B","CREAM","Cream",\N,\N,"Piece","250","415"
"8901526508570","Garnier Pack","CREAM","Cream",\N,\N,"Piece","240","360"
"8901138500184","Himalaya Night Cream","CREAM","Cream",\N,\N,"Piece","300","450"
"8901138816575","Himalaya Day Cream","CREAM","Cream",\N,\N,"Piece","300","450"
"8901030609183","Ponds Cold Cream","CREAM","Cream",\N,\N,"Piece","155","230"
"8901030609190","Ponds Cold Cream B","CREAM","Cream",\N,\N,"Piece","250","375"
"3600521675267","Johnsons soft cream","CREAM","Cream",\N,\N,"Piece","270","349.66"
"4902430781107","OLAY DAY CREAM","CREAM","Cream",\N,\N,"Piece","430","680"
"8901030408359","Fair & Lovely ayurvedic","CREAM","Cream",\N,\N,"Piece","165","250"
"703878200021","FADE OUT DAY CREAM","CREAM","Cream",\N,\N,"Piece","460","690"
"8999999022440","Ponds age miracle","CREAM","Cream",\N,\N,"Piece","660","990"
"6940182770343","aroma masta","CREAM","Cream",\N,\N,"Piece","330","495"
"8991182082385","Temulawak masta cream","CREAM","Cream",\N,\N,"Piece","190","380"
"0004764","No scars","CREAM","Cream",\N,\N,"Piece","230","345"
"806360751008","Lotus Sun's","CREAM","Cream",\N,\N,"Piece","390","630.01"
"806360341001","Lotus Sun's Cream 30","CREAM","Cream",\N,\N,"Piece","370","555"
"806360681008","Lotus Sun's Cream 40","CREAM","Cream",\N,\N,"Piece","400","600"
"8901030642968","Ponds age miracle Cream S","CREAM","Cream",\N,\N,"Piece","150","225"
"8901030606397","Fair & Lovely Anti Marks Cream","CREAM","Cream",\N,\N,"Piece","165","250"
"0004963","Best Cream","CREAM","Cream",\N,\N,"Piece","250","425"
"8901030642807","Ponds White Beauty Cream 25g","CREAM","Cream",\N,\N,"Piece","90","165"
"3600522424741","Loreal BB Cream","CREAM","Cream",\N,\N,"Piece","160","300"
"8999999059927","Ponds age Wrinkle 50g","CREAM","Cream",\N,\N,"Piece","650","910"
"8999999059941","Ponds age Wrinkle 50g","CREAM","Cream",\N,\N,"Piece","600","800"
"8901030691270","Fair and lovely man","CREAM","Cream",\N,\N,"Piece","195","290"
"8901030642838","Ponds white Beauty 35g","CREAM","Cream",\N,\N,"Piece","175","250"
"8901030642784","Ponds white Beauty 50g","CREAM","Cream",\N,\N,\N,"220","360"
"4902430700818","Olay Night Cream","CREAM","Cream",\N,\N,"Piece","480","720"
"4902430667890","Olay Day Cream","CREAM","Cream",\N,\N,"Piece","480","720"
"8901030690754","Ponds bb+","CREAM","Cream",\N,\N,"Piece","180","280.01"
"071661029747","Vitamin E cream","CREAM","Cream",\N,\N,"Piece","120","180"
"42207269","Nivea Soft Cream S","CREAM","Cream",\N,\N,"Piece","140","210"
"0005697","Lakme CC Cream","CREAM","Cream",\N,\N,"Piece","330","495"
"8901526527632","Garnier Light Complete Cream ","CREAM","Cream",\N,\N,"Piece","155","240"
"8901526527625","Garnier Light Complete Cream S","CREAM","Cream",\N,\N,"Piece","110","165"
"8901030716249","Vaseline Skin Jelly M","CREAM","Cream",\N,\N,"Piece","65","90"
"8901030716263","Vaseline Skin Jelly B","CREAM","Cream",\N,\N,"Piece","160","240"
"8901030657306","Fair & Lovely Ayurvedic","CREAM","Cream",\N,\N,"Piece","175","250"
"8901177800221","Ring Guard","CREAM","Cream",\N,\N,"Piece","65","90"
"0005999","Massage Cream ","CREAM","Cream",\N,\N,"Piece","75","90"
"8901012117002","Johnsons Baby Cream 50ml","CREAM","Cream",\N,\N,\N,"90","145"
"8901030665011","Ponds White Beauty 25g","CREAM","Cream",\N,\N,"Piece","80","165"
"703878200045","FADE OUT 75ml","CREAM","Cream",\N,\N,"Piece","470","690"
"703878200014","FADE OUT 75ml","CREAM","Cream",\N,\N,"Piece","470","690"
"6281006408647","Vaseline 50ml","CREAM","Cream",\N,\N,"Piece","160","240"
"3574661292816","Johnsons Bedtime","CREAM","Cream",\N,\N,\N,"420","800"
"4902430573993","Cream","CREAM","Cream",\N,\N,"Piece","150","450"
"8901030700361","Fair & Lovely 110g","CREAM","Cream",\N,\N,"Piece","280","390"
"8901030691430","Fair & Lovely  BB 18g","CREAM","Cream",\N,\N,"Piece","105","180"
"8901030788871","Ponds White Beauty 35g","CREAM","Cream",\N,\N,"Piece","148","230.88"
"8901030709357","Ponds Cream 23g","CREAM","Cream",\N,\N,"Piece","85","135"
"8901030664564","Ponds AGE Miracle","CREAM","Cream",\N,\N,"Piece","530","690"
"0003274","Motorcycle","Toy","Toy",\N,\N,"Piece","160","250"
"0003354","Kitchen Gift Set","Toy","Toy",\N,\N,"Piece","525","790"
"0003355","Combat Hero Robot","Toy","Toy",\N,\N,"Piece","500","810"
"0003356","V-Max Helicopter S","Toy","Toy",\N,\N,"Piece","900","1680"
"0003357","Space Fighter Robot","Toy","Toy",\N,\N,"Piece","1140","2080"
"0003358","Big Mac In Air","Toy","Toy",\N,\N,"Piece","510","810"
"0003487","Fun Train","Toy","Toy",\N,\N,"Piece","410","650"
"0003744","Light Train","Toy","Toy",\N,\N,\N,"260","410"
"0003771","Spinner","Toy","Toy",\N,\N,"Piece","125","190"
"0003772","Spinner","Toy","Toy",\N,\N,"Piece","150","225"
"0003773","3D Police Car","Toy","Toy",\N,\N,"Piece","330","530"
"0003774","Spinner","Toy","Toy",\N,\N,"Piece","290","435"
"0003775","Spinner","Toy","Toy",\N,\N,"Piece","330","495"
"0003776","Spinner","Toy","Toy",\N,\N,"Piece","365","550"
"0003845","3D Biman","Toy","Toy",\N,\N,"Piece","400","640"
"0003936","Spinner","Toy","Toy",\N,\N,"Piece","100","150.31"
"0003937","Spinner","Toy","Toy",\N,\N,"Piece","133","200"
"0003938","Spinner","Toy","Toy",\N,\N,"Piece","220","350"
"0003939","Spinner","Toy","Toy",\N,\N,"Piece","80","140"
"0003940","Spinner","Toy","Toy",\N,\N,"Piece","110","180"
"0003989","Doll","Toy","Toy",\N,\N,"Piece","210","330"
"0004120","BEE ","Toy","Toy",\N,\N,"Piece","135","270"
"0004166","Turbo Eagle","Toy","Toy",\N,\N,"Piece","250","460"
"0004171","Top Speed Car","Toy","Toy",\N,\N,"Piece","650","1040"
"0004172","Train","Toy","Toy",\N,\N,"Piece","400","640"
"0004174","Gamecock","Toy","Toy",\N,\N,"Piece","540","860"
"0004176","Super Racer","Toy","Toy",\N,\N,"Piece","600","960"
"0004177","Super speed Car","Toy","Toy",\N,\N,"Piece","650","1040"
"0004178","Doctor Tortoise","Toy","Toy",\N,\N,"Piece","600","960"
"0004179","P1 Super Car","Toy","Toy",\N,\N,"Piece","2600","4160"
"0004180","Drone","Toy","Toy",\N,\N,"Piece","2875","4600"
"0004381","Drone big","Toy","Toy",\N,\N,"Piece","3360","5376"
"0004382","helicopter white","Toy","Toy",\N,\N,"Piece","3990","6384"
"0004383","helicopter","Toy","Toy",\N,\N,"Piece","3465","5544"
"0004384","helicopter","Toy","Toy",\N,\N,"Piece","3045","4200"
"0004385","helicopter","Toy","Toy",\N,\N,"Piece","2575","4120"
"0004386","helicopter red","Toy","Toy",\N,\N,"Piece","1995","3192"
"0004387","Ip336 helicopter ","Toy","Toy",\N,\N,"Piece","1300","2145"
"0004388","helicopter v max","Toy","Toy",\N,\N,"Piece","1155","1850"
"0004389","Ball House B","Toy","Toy",\N,\N,"Piece","1600","2560"
"0004390","Transform Robot car","Toy","Toy",\N,\N,"Piece","910","1456"
"0004391","portable laptop","Toy","Toy",\N,\N,"Piece","650","1040"
"0004392","educational laptop","Toy","Toy",\N,\N,"Piece","410","656"
"6924701657056","drawing board","Toy","Toy",\N,\N,"Piece","180","290"
"6924701657070","drawing board b","Toy","Toy",\N,\N,"Piece","200","320"
"0004395","gitar","Toy","Toy",\N,\N,"Piece","105","168"
"0004598","Sport Car","Toy","Toy",\N,\N,"Piece","216","300"
"0004614","F1 super car","Toy","Toy",\N,\N,"Piece","1250","2062.5"
"0004615","Gravity Sensor CAR","Toy","Toy",\N,\N,"Piece","1400","2310"
"0004616","AUTOBOTS REMOTE CAR","Toy","Toy",\N,\N,"Piece","1400","2310"
"0004617","SWIFT helicopter ","Toy","Toy",\N,\N,"Piece","1080","1836"
"0004618","V-Max Helicopter S","Toy","Toy",\N,\N,"Piece","950","1615"
"0004619","Captain America Car","Toy","Toy",\N,\N,"Piece","700","1260"
"0004620","Electronic KEYBOARD","Toy","Toy",\N,\N,"Piece","1300","1690"
"0004621","Electronic PIANO","Toy","Toy",\N,\N,"Piece","2000","2800"
"0004622","Racing Car","Toy","Toy",\N,\N,"Piece","1080","1782"
"0004623","Dancing Bus","Toy","Toy",\N,\N,"Piece","260","520"
"0004624","XF 27-7A car","Toy","Toy",\N,\N,"Piece","450","855"
"6958684120740","Fruit Play Set","Toy","Toy",\N,\N,"Piece","210","420"
"0004738","kitchen set b","Toy","Toy",\N,\N,"Piece","1250","1750"
"0004796","kitchen set ","Toy","Toy",\N,\N,"Piece","1250","1875"
"0004797","kitchen set","Toy","Toy",\N,\N,"Piece","780","1248"
"0004798","F1 super car","Toy","Toy",\N,\N,"Piece","1250","2062.5"
"0004799","Radio Control Car","Toy","Toy",\N,\N,\N,"1050","1680"
"0004800","Famous speedy car","Toy","Toy",\N,\N,\N,"680","1088"
"0004801","My Happy Family House","Toy","Toy",\N,\N,"Piece","2300","3450"
"0004802","Happy Family House","Toy","Toy",\N,\N,"Piece","550","880"
"0004803","Roadster Famous car","Toy","Toy",\N,\N,"Piece","1050","1680"
"0004804","XF Emulation Car Model","Toy","Toy",\N,\N,"Piece","365","600.02"
"0004805","Need for speed car 599","Toy","Toy",\N,\N,"Piece","600","990"
"0004806","Radio Control Helicopter BIG","Toy","Toy",\N,\N,"Piece","7500","10650"
"0004807","Helicopter Hatchet","Toy","Toy",\N,\N,"Piece","2400","3840"
"0004808","6889 CAR","Toy","Toy",\N,\N,"Piece","1550","2550"
"0004809","My Happy Family House","Toy","Toy",\N,\N,"Piece","700","1155"
"0004810","Manx\"s Happy Family House","Toy","Toy",\N,\N,"Piece","750","1230"
"0004811","Blacks 100pis","Toy","Toy",\N,\N,"Piece","600","990"
"0004829","Wit Blocks","Toy","Toy",\N,\N,"Piece","160","280"
"0004861","duck toy","Toy","Toy",\N,\N,"Piece","85","120"
"0004925","Super Race Car","Toy","Toy",\N,\N,"Piece","600","990"
"0004926","Super Climber Car","Toy","Toy",\N,\N,"Piece","950","1575"
"0004927","Happy Bird","Toy","Toy",\N,\N,"Piece","520","860"
"0004928","XF Emulation Car S","Toy","Toy",\N,\N,"Piece","320","520"
"0004929","Alloy Model ","Toy","Toy",\N,\N,"Piece","320","520"
"0004930","Game Plater","Toy","Toy",\N,\N,"Piece","520","858"
"0004931","My Toys Guiter","Toy","Toy",\N,\N,"Piece","520","860"
"0004932","Naugoly Robot","Toy","Toy",\N,\N,"Piece","480","795"
"0004933","dancing Dog","Toy","Toy",\N,\N,"Piece","450","730"
"0004934","Octopus Captain","Toy","Toy",\N,\N,"Piece","480","780"
"0004935","Street Bicycle","Toy","Toy",\N,\N,"Piece","370","610"
"0004936","Happy Drummer","Toy","Toy",\N,\N,"Piece","450","745"
"0004937","Famous Car Top Speed","Toy","Toy",\N,\N,"Piece","1280","2112"
"0004938","3D Flash Car","Toy","Toy",\N,\N,"Piece","1150","1890"
"0004939","Super Car","Toy","Toy",\N,\N,"Piece","1150","1890"
"0004940","happy cut Fruit","Toy","Toy",\N,\N,"Piece","300","480"
"0004941","Dreams Kitchen","Toy","Toy",\N,\N,"Piece","280","460"
"0004942","Avengers","Toy","Toy",\N,\N,"Piece","600","960"
"0004943","Ice cream Party","Toy","Toy",\N,\N,\N,"620","1023"
"0005488","Drone X-5c","Toy","Toy",\N,\N,"Piece","3600","5400"
"0005490","Medical Kits","Toy","Toy",\N,\N,"Piece","550","825"
"0005491","Excavator truck","Toy","Toy",\N,\N,"Piece","1380","2200"
"0005492","King of truck","Toy","Toy",\N,\N,"Piece","900","1440"
"0005493"," Aeroblade Helicopter","Toy","Toy",\N,\N,"Piece","800","1360"
"0005494","racing car","Toy","Toy",\N,\N,"Piece","880","1408"
"0005495","wild Car","Toy","Toy",\N,\N,\N,"650","1040"
"0005496","XF car","Toy","Toy",\N,\N,"Piece","530","1060"
"0005497","Ban 10 Car","Toy","Toy",\N,\N,"Piece","600","960"
"0005498","Stain Car","Toy","Toy",\N,\N,"Piece","550","880"
"0005499","kitchen Set","Toy","Toy",\N,\N,"Piece","920","1470"
"0005500","My HappY Kitchen","Toy","Toy",\N,\N,"Piece","920","1470.03"
"0005501","My Home Play Set","Toy","Toy",\N,\N,"Piece","430","700.05"
"0005502","My HappY family","Toy","Toy",\N,\N,"Piece","550","880"
"0005503","Happy Family","Toy","Toy",\N,\N,\N,"750","1200"
"0005504","Autobots Car","Toy","Toy",\N,\N,"Piece","1450","1700"
"0005505","Stunt2 Car","Toy","Toy",\N,\N,"Piece","1050","1680"
"0005506","Super Gun","Toy","Toy",\N,\N,"Piece","280","448"
"0005507","Air Soft gun","Toy","Toy",\N,\N,"Piece","90","150"
"0005508","Desplcable Me2","Toy","Toy",\N,\N,"Piece","380","610.02"
"0005509","Doctor set","Toy","Toy",\N,\N,"Piece","190","315"
"0005510","Doctor set m","Toy","Toy",\N,\N,"Piece","360","576"
"0005511","Helicopter","Toy","Toy",\N,\N,"Piece","1000","1650"
"0005512","Drum Set","Toy","Toy",\N,\N,"Piece","1400","2240"
"0005741","Elephant 3+","Toy","Toy",\N,\N,"Piece","500","750"
"0005742","Sm7 Champion car","Toy","Toy",\N,\N,"Piece","1280","1792"
"0005743","Fantasy Gravity car","Toy","Toy",\N,\N,"Piece","1400","2240"
"0005748","Helicopter HX 708","Toy","Toy",\N,\N,"Piece","950","1710"
"0005749","Sports Car 3d","Toy","Toy",\N,\N,"Piece","380","630"
"0005750","Sport Car ","Toy","Toy",\N,\N,"Piece","350","560"
"0005751","XF Emulation Car","Toy","Toy",\N,\N,"Piece","350","570"
"0005752","969 Champion Car","Toy","Toy",\N,\N,"Piece","550","880"
"0005753","Sunny Racing Car ","Toy","Toy",\N,\N,"Piece","550","880"
"0005754","2in1 Car 8987A","Toy","Toy",\N,\N,"Piece","400","640"
"0005914","Cartoon Bank","Toy","Toy",\N,\N,"Piece","850","1360"
"8809335077815","Torch Light Set","Toy","Toy",\N,\N,"Piece","60","90"
"0006082","Play House Set","Toy","Toy",\N,\N,"Piece","260","430"
"0006083","Kitchen Set","Toy","Toy",\N,\N,"Piece","130","230"
"0006095","Helicopter","Toy","Toy",\N,\N,"Piece","1500","2550"
"0006143","Frozen","Toy","Toy",\N,\N,"Piece","800","1440"
"0006415","XF Emulation Car","Toy","Toy",\N,\N,"Piece","480","800"
"0006416","Super Car","Toy","Toy",\N,\N,"Piece","720","1224"
"0006418","XF Emulation Car ","Toy","Toy",\N,\N,"Piece","650","1040"
"0006419","Hello Kitty Set","Toy","Toy",\N,\N,"Piece","800","1280"
"0006420","racin Car","Toy","Toy",\N,\N,"Piece","1400","2030"
"0006421","XF Emulation Car","Toy","Toy",\N,\N,"Piece","350","630"
"0006422","Race Car 1328","Toy","Toy",\N,\N,"Piece","740","1260"
"0006423","Exclusive Baby Honda","Toy","Toy",\N,\N,"Piece","5500","8500"
"0003869","Sceissor","Accessories","Accessories",\N,\N,"Piece","30","45"
"0003986","Orna","Orna","Orna",\N,\N,"Piece","500","900"
"0006209","Velbat Orna","Orna","Orna",\N,\N,"Piece","400","700"
"799439301702","Black Hair Shampoo","Hair","Hair",\N,\N,"Piece","14","35"
"0003638","hair dryer","Hair","Hair",\N,\N,"Piece","100","300"
"6955549333260","Kemei Hair Dryer","Hair","Hair",\N,\N,"Piece","450","880"
"6951588633200","hair dryer","Hair","Hair",\N,\N,"Piece","350","560"
"0004683","Hair Comb","Hair","Hair",\N,\N,"Piece","280","470.1"
"0004951","Hair Stick Thailand","Hair","Hair",\N,\N,"Piece","15","25"
"0003300","Diamond Napthelene","Fill","Fill",\N,\N,"Piece","43","60"
"0003512","Ladies Dress","Fill","Fill",\N,\N,"Piece","1200","1650"
"0003517","sherwani","Fill","Fill",\N,\N,"Piece","1400","2000.04"
"0003520","Fotua","Fill","Fill",\N,\N,"Piece","400","650"
"0003521","PANJABI","Fill","Fill",\N,\N,"Piece","1000","2000"
"0003522","PANJABI","Fill","Fill",\N,\N,"Piece","700","1400"
"0003523","Sherwani","Fill","Fill",\N,\N,"Piece","1300","1500"
"0003526","Lungi","Fill","Fill",\N,\N,"Piece","600","600"
"0003527","Cotton Saree","Fill","Fill",\N,\N,"Piece","200","300"
"0003530","PANJABI","Fill","Fill",\N,\N,"Piece","1500","2250"
"0003533","Cotton Saree","Fill","Fill",\N,\N,\N,"500","700"
"0003553","LOtus","Fill","Fill",\N,\N,\N,"420","499.01"
"0003777","panjabe","Fill","Fill",\N,\N,"Piece","650","851.5"
"0003837","Sharee","Fill","Fill",\N,\N,"Piece","1000","1600"
"0003838","Hijab","Fill","Fill",\N,\N,"Piece","200","260"
"0003839","Hijab","Fill","Fill",\N,\N,"Piece","100","200"
"0003921","Pant Piece","Fill","Fill",\N,\N,"Piece","1000","1600"
"0003922","Shirt Piece","Fill","Fill",\N,\N,"Piece","470","615.7"
"0003933","Lungi","Fill","Fill",\N,\N,"Piece","600","850"
"0003935","Orna","Fill","Fill",\N,\N,"Piece","300","400"
"0003977","T-Shirt","Fill","Fill",\N,\N,"Piece","500","675"
"0003978","Lehenga","Fill","Fill",\N,\N,"Piece","1500","2100"
"0003984","panjabi","Fill","Fill",\N,\N,"Piece","1000","1550"
"0004115","Ghori Battery","Fill","Fill",\N,\N,\N,"40","50"
"0004185","Tibbet Lotion","Fill","Fill",\N,\N,"Piece","90","120"
"0004360","Costep","Fill","Fill",\N,\N,"Piece","5","10"
"0004366","sherwani","Fill","Fill",\N,\N,"Piece","3700","4625"
"0004378","sal","Fill","Fill",\N,\N,"Piece","3000","4800"
"0004379","president school beg","Fill","Fill",\N,\N,\N,"1600","2000"
"0004587","paijama","Fill","Fill",\N,\N,"Piece","300","450"
"0004600","baslet","Fill","Fill",\N,\N,"Piece","100","200"
"0004607"," Kashmiri Shawl","Fill","Fill",\N,\N,\N,"1900","2660"
"0004608","panjabi","Fill","Fill",\N,\N,"Piece","900","900"
"009800800056","nutella","Fill","Fill",\N,\N,"Piece","130","170"
"0005060","Lava Chese","Fill","Fill",\N,\N,"Piece","360","450"
"42101369","Extra Strong Mint","Fill","Fill",\N,\N,"Piece","80","100"
"9555192507314","Eclipse Mints","Fill","Fill",\N,\N,"Piece","132","165"
"8938510335515","Green Peas","Fill","Fill",\N,\N,"Piece","115","195"
"8938510335546","Cashew Nut","Fill","Fill",\N,\N,"Piece","235","375"
"8938510335539","Cashew Nut","Fill","Fill",\N,\N,"Piece","235","375"
"0005513","blue lady","Fill","Fill",\N,\N,"Piece","150","225"
"6952424808332","Water Pot","Fill","Fill",\N,\N,"Piece","200","300"
"6932773660973","Water Pot","Fill","Fill",\N,\N,"Piece","170","255"
"6923627375211","Water Pot","Fill","Fill",\N,\N,"Piece","170","255"
"6923627375525","Water Pot","Fill","Fill",\N,\N,"Piece","170","255"
"6923363300171","Water Pot","Fill","Fill",\N,\N,"Piece","170","255"
"6952424808240","Water Pot","Fill","Fill",\N,\N,"Piece","220","330"
"6970975580132","Water Pot","Fill","Fill",\N,\N,"Piece","170","255"
"6952424808349","Water Pot","Fill","Fill",\N,\N,"Piece","220","330"
"0005923","Sticker","Fill","Fill",\N,\N,"Piece","50","75"
"0005995","Costep","Fill","Fill",\N,\N,"Piece","120","120"
"0005997","bag","Fill","Fill",\N,\N,\N,"250","500"
"0005998","Koti","Fill","Fill",\N,\N,"Piece","850","1050"
"0006144","Borkha","Fill","Fill",\N,\N,"Piece","1000","1450"
"0006146","Hijab","Fill","Fill",\N,\N,\N,"100","150"
"0006147","Borkha","Fill","Fill",\N,\N,"Piece","1000","1500"
"0006148","Baslet ","Fill","Fill",\N,\N,"Piece","500","800"
"0006151","Borkha","Fill","Fill",\N,\N,"Piece","1000","1650"
"0006235","Churi","Fill","Fill",\N,\N,"Piece","30","60"
"0006365","tap","Fill","Fill",\N,\N,"Piece","5","10"
"0006401","Hijab","Fill","Fill",\N,\N,"Piece","250","375"
"9556171106634","Follow Me Shower Gel","Shower Gel","Shower Gel",\N,\N,"Piece","700","1050"
"9556171106658","Follow Me Shower Gel","Shower Gel","Shower Gel",\N,\N,"Piece","700","1050"
"816559014920","Zest Shower Gel","Shower Gel","Shower Gel",\N,\N,"Piece","420","630"
"816559014951","Zest Shower Gel","Shower Gel","Shower Gel",\N,\N,"Piece","420","630"
"8859178710592","White Spa Shower Gel","Shower Gel","Shower Gel",\N,\N,"Piece","390","585"
"8859178707554","White Spa Shower Gel","Shower Gel","Shower Gel",\N,\N,"Piece","390","585"
"8855629364109","White Spa Shower Gel","Shower Gel","Shower Gel",\N,\N,"Piece","390","585"
"0004589","AMANI code Shower Gel","Shower Gel","Shower Gel",\N,\N,"Piece","400","560"
"816559010205","Zest Shower Gel","Shower Gel","Shower Gel",\N,\N,"Piece","380","570"
"079400267870","Suave Body Wash","Shower Gel","Shower Gel",\N,\N,"Piece","370","555"
"079400015709","Suave Body Wash","Shower Gel","Shower Gel",\N,\N,"Piece","370","555"
"8714789515656","Palmolive Body Wash","Shower Gel","Shower Gel",\N,\N,"Piece","300","450"
"8718951006102","Palmolive Body Wash","Shower Gel","Shower Gel",\N,\N,"Piece","290","435"
"8718951004399","Palmolive Body Wash","Shower Gel","Shower Gel",\N,\N,"Piece","290","435"
"8999999036584","LUX Body wash","Shower Gel","Shower Gel",\N,\N,"Piece","150","230"
"8999999036553","LUX Body wash","Shower Gel","Shower Gel",\N,\N,"Piece","150","230"
"8850006536339","Palmolive Body Wash 750ml","Shower Gel","Shower Gel",\N,\N,"Piece","550","770"
"8850006536322","Palmolive Body Wash 750ml","Shower Gel","Shower Gel",\N,\N,"Piece","550","770"
"8850002010338","Kodomp Baby Bath ","Shower Gel","Shower Gel",\N,\N,"Piece","230","435"
"8850002016934","Kodomo shower Gel","Shower Gel","Shower Gel",\N,\N,"Piece","100","160"
"8850002016972","kodomo Cleanser","Shower Gel","Shower Gel",\N,\N,"Piece","210","260"
"8999999036546","Lux Shower Gel","Shower Gel","Shower Gel",\N,\N,"Piece","190","285"
"8851932368582","Lux Shower Gel B","Shower Gel","Shower Gel",\N,\N,"Piece","390","585"
"8851932350648","Lux Shower Gel B","Shower Gel","Shower Gel",\N,\N,"Piece","390","585"
"8714789514512","Palmolive Gel","Shower Gel","Shower Gel",\N,\N,"Piece","290","435"
"8714789514505","shower gel 250ml","Shower Gel","Shower Gel",\N,\N,\N,"190","300"
"8999999036539","Lux Shower Gel","Shower Gel","Shower Gel",\N,\N,"Piece","150","230"
"8855629364130","White Spa Lotion 200ml","Body lotion","Body Lotion",\N,\N,"Piece","165","245.19"
"8855629363676","White Spa Lotion 200ml","Body lotion","Body Lotion",\N,\N,"Piece","165","245.19"
"8859178707530","White Spa Lotion 200ml","Body lotion","Body Lotion",\N,\N,"Piece","190","285"
"8712561484398","Vaseline Intensive Care 400ml","Body lotion","Body Lotion",\N,\N,"Piece","360","540"
"3574660420913","Johnsons Baby Lotion B","Body lotion","Body Lotion",\N,\N,"Piece","235","360"
"8888202000682","Enchanteur Body Lotion S","Body lotion","Body Lotion",\N,\N,"Piece","280","420"
"8888202000675","Enchanteur Body Lotion 250ml","Body lotion","Body Lotion",\N,\N,"Piece","280","420"
"8888202026828","Enchanteur Body Lotion S","Body lotion","Body Lotion",\N,\N,"Piece","280","420"
"8888202003836","Enchanteur Body Lotion B","Body lotion","Body Lotion",\N,\N,"Piece","500","750"
"6297000669274","yardley body Lotion","Body lotion","Body Lotion",\N,\N,"Piece","473","690"
"6297000226750","yardley body Lotion","Body lotion","Body Lotion",\N,\N,"Piece","510","670"
"6297000226774","yardley body Lotion","Body lotion","Body Lotion",\N,\N,"Piece","510","650"
"6297000442617","yardley body Lotion","Body lotion","Body Lotion",\N,\N,"Piece","270","405"
"6297000669267","yardley body Lotion","Body lotion","Body Lotion",\N,\N,"Piece","270","405"
"6297000669243","yardley body Lotion","Body lotion","Body Lotion",\N,\N,"Piece","270","405"
"8888202003829","Enchanteur Body Lotion B","Body lotion","Body Lotion",\N,\N,"Piece","410","615"
"8888202035202","Enchanteur Body Lotion B","Body lotion","Body Lotion",\N,\N,"Piece","410","575"
"8901030659386","Vaseline Body Lotion","Body lotion","Body Lotion",\N,\N,"Piece","360","540"
"8901030609282","Vaseline Body Lotion S","Body lotion","Body Lotion",\N,\N,"Piece","120","180"
"4005808377565","Nivea Body Lotion","Body lotion","Body Lotion",\N,\N,"Piece","420","630"
"4005808427048","Nivea Body Lotion S","Body lotion","Body Lotion",\N,\N,"Piece","290","435"
"8859178707424","White Spa Body Lotion S","Body lotion","Body Lotion",\N,\N,"Piece","165","250"
"8859178707493","White Spa Body Lotion S","Body lotion","Body Lotion",\N,\N,"Piece","250","375"
"4005808845323","Nivea Body Lotion","Body lotion","Body Lotion",\N,\N,"Piece","240","295"
"4005808845322","Nivea Body Lotion","Body lotion","Body Lotion",\N,\N,"Piece","285","335"
"4005808848256","Nivea Body Lotion","Body lotion","Body Lotion",\N,\N,"Piece","240","335"
"400580848256","Nivea Body Lotion","Body lotion","Body Lotion",\N,\N,"Piece","285","335"
"8513691111501","Beautina Body Lotion","Body lotion","Body Lotion",\N,\N,"Piece","119","150"
"8941100651469","Vaseline Body Lotion","Body lotion","Body Lotion",\N,\N,"Piece","210","260"
"8941100652138","Fair & Lovely Body Lotion","Body lotion","Body Lotion",\N,\N,"Piece","122","145"
"8888202026835","Enchanteur Body Lotion B","Body lotion","Body Lotion",\N,\N,"Piece","500","700"
"8888202035196","Enchanteur Body Lotion S","Body lotion","Body Lotion",\N,\N,"Piece","230","345"
"9556006060537","Johnsons Baby Lotion S","Body lotion","Body Lotion",\N,\N,"Piece","125","190"
"8712561483162","Vaseline Cocoa Lotion","Body lotion","Body Lotion",\N,\N,"Piece","300","480"
"4005808725298","Nivea Body Lotion","Body lotion","Body Lotion",\N,\N,"Piece","480","720"
"8901248126182","Boro Plus Body Lotion","Body lotion","Body Lotion",\N,\N,\N,"175","350"
"8904035416039","Joy Body Lotion","Body lotion","Body Lotion",\N,\N,"Piece","250","370"
"8901177200250","krack","Body lotion","Body Lotion",\N,\N,"Piece","110","154"
"8711600368804","Dove Deep Care Lotion","Body lotion","Body Lotion",\N,\N,"Piece","360","540"
"8711600453975","Dove Deep Care Lotion","Body lotion","Body Lotion",\N,\N,"Piece","330","560.01"
"8888202062666","Enchanteur Body Lotion S","Body lotion","Body Lotion",\N,\N,"Piece","280","420"
"305210134423","Vaseline Cocoa Lotion","Body lotion","Body Lotion",\N,\N,"Piece","650","975"
"8711600399303","Dove Body Lotion ","Body lotion","Body Lotion",\N,\N,"Piece","330","495"
"8711700963404","Dove Body Lotion","Body lotion","Body Lotion",\N,\N,"Piece","330","495"
"8711700813839","Dove Body Lotion","Body lotion","Body Lotion",\N,\N,"Piece","330","495"
"8850002019591","kodomo Dust free lotion","Body lotion","Body Lotion",\N,\N,"Piece","190","285"
"8859178707615","White Spa Body Lotion B","Body lotion","Body Lotion",\N,\N,"Piece","290","580"
"806360731253","Lotus Safe Sun Lotion","Body lotion","Body Lotion",\N,\N,"Piece","360","540"
"0005830","Lotus Body Lotion","Body lotion","Body Lotion",\N,\N,"Piece","320","480"
"8063601193009","Lotus Body Lotion","Body lotion","Body Lotion",\N,\N,"Piece","320","570.24"
"8063601163002","Lotus Body Lotion","Body lotion","Body Lotion",\N,\N,"Piece","320","570.24"
"8901012116852","Johnsons Baby Lotion","Body lotion","Body Lotion",\N,\N,"Piece","195","310.05"
"8901012116845","Johnsons Baby Lotion S","Body lotion","Body Lotion",\N,\N,"Piece","115","170"
"8901030691171","Vaseline Body Lotion S","Body lotion","Body Lotion",\N,\N,\N,"165","250"
"8710908777769","Dove Body Lotion","Body lotion","Body Lotion",\N,\N,"Piece","320","495"
"8711700841252","Dove Body Lotion","Body lotion","Body Lotion",\N,\N,"Piece","320","495"
"4000388563803","Dove Body Lotion","Body lotion","Body Lotion",\N,\N,"Piece","360","560.02"
"4000388563902","Dove Body Lotion","Body lotion","Body Lotion",\N,\N,"Piece","320","495"
"8941100656013","Ponds Body Lotion","Body lotion","Body Lotion",\N,\N,"Piece","140","160"
"8941100656020","Ponds Body Lotion","Body lotion","Body Lotion",\N,\N,"Piece","85","100"
"8941100656198","Fair & Lovely Lotion","Body lotion","Body Lotion",\N,\N,"Piece","125","155"
"8941100656204","Fair & Lovely Lotion","Body lotion","Body Lotion",\N,\N,"Piece","85","95"
