product_code,product_name,category_name,subcat_name,description,brand_name,unit_type,purchase_cost,sell_price,min_stock
"8901526102655","loreal paris","shampoo","loreal",\N,\N,"Piece","750","1050","1"
"8992304035371","loreal paris 450ml","shampoo","loreal",\N,\N,"Piece","380","570","2"
"6123571030109","fair & lovely 50 gm","cosmetics","fair & lovely",\N,\N,"Piece","118","129.8","2"
"8901030573484","Clinic Plus 340 ml","shampoo","Clinic Plus",\N,\N,"Piece","300","420","1"
"8901030573460","Clinic Plus 175 ml","shampoo","Clinic Plus s",\N,\N,"Piece","155","255","2"
"8901314077509","Colgate Plax 100 ml","Mouth Wash","Colgate Plax",\N,\N,"Piece","80","100","1"
"8901314077981","Colgate Plax 250 ml","Mouth Wash","Colgate Plax",\N,\N,"Piece","160","184","1"
"8906006432383","KIWI LINK","Shoe Link","Kiwi link",\N,\N,"Piece","100","120","1"
"8901526204151","Garnier Color Red 40 g","Hair colour","Garnier Color",\N,\N,"Piece","260","364","2"
"8901571004096","Sensodyne","Pest","Sensodyne",\N,\N,"Piece","155","195","1"
"8901314218605","Colgate Zigzag","Toothbrush","Zigzag",\N,\N,"Piece","35","50","1"
"8901314116345","Colgate Slimsoft","Toothbrush","Slim Soft",\N,\N,"Piece","85","119","1"
"8901030450990","Ponds Sandal 300 g","powder","Ponds sandal",\N,\N,"Piece","270","378","1"
"8901030450709","Ponds Sandal 100 g","powder","Ponds sandal",\N,\N,"Piece","110","143","1"
"8901030583896","Ponds Dreamflower 100 g","powder","Ponds Dreamfiower s",\N,\N,"Piece","110","160","1"
"8908001158077","WhiteTone 30g","powder","Whit tone",\N,\N,"Piece","70","110","1"
"8908001158299","WhiteTone 50g","powder","Whit tone",\N,\N,"Piece","105","150","1"
"8901088062398","Livon oil 100 ml","Hair Oil","Livon oil",\N,\N,"Piece","290","435","1"
"8901450003592","Envy1000","Body Spray","Envy1000",\N,\N,"Piece","180","234","1"
"8901030595783","Lakme eyeconin","Kajal","eyeconic",\N,\N,"Piece","210","350","1"
"6946537005757","Colossal","Kajal","Colossal",\N,\N,"Piece","180","300","1"
"8901138512460","Himalaya Neem Facewash 100 ml","Facewash","Himalaya",\N,\N,"Piece","162","250","1"
"8901138512187","Himalaya Neem Facewash 50 ml","Facewash","Himalaya",\N,\N,"Piece","78","110","1"
"8908001158954","FOGG MONARCH","Body Spray","FOGG",\N,\N,"Piece","210","330","2"
"8908001158596","fogg black ","Body Spray","FOGG",\N,\N,"Piece","270","335","1"
"8906014201407","keo karpin oil 300ml","Hair Oil","keo karpin",\N,\N,"Piece","195","280","1"
"7702018979202","Gillette Gel 200 ml","Saving Cream","Gillette Gel",\N,\N,"Piece","212","301.04","1"
"8851932290340","Dove Conditioner","Conditioner","Dove Conditioner",\N,\N,"Piece","250","250","1"
"079400206596","Dove Conditioner","Conditioner","Dove Conditioner",\N,\N,"Piece","360","486","1"
"6949301120403","Max Touch 2040","Make Up","Max Touch 2040",\N,\N,"Piece","7700","10780","1"
"6935367660809","Eyeshadow Kit","Make Up","Eye Shadow",\N,\N,"Piece","140","280","1"
"6958741931234","Kiss Touh Eyeshadow","Make Up","Eye Shadow",\N,\N,"Piece","115","230","1"
"041065502016","Jordana Eyeliner","Make Up","Jordana Eyeliner",\N,\N,"Piece","50","150","2"
"6905623813683","Ever Beauty Matte Lipstick","Make Up","Ever Beauty Matte Lipstick",\N,\N,"Piece","120","180","6"
"8901207004094","Dabur Gulabari 100 ml","Rose water","Dabur  Gulabari",\N,\N,"Piece","110","154","2"
"0001558","City Gold Ring","juwellary","City Gold Ring",\N,\N,"Piece","50","140","4"
"0001825","Damond Ring","juwellary","Diamond Ring",\N,\N,"Piece","50","150","1"
"0001811","Gold Ring","juwellary","Ring",\N,\N,"Piece","380","760","1"
"8717163537664","Brut Perfume","perfume","Brut Perfume",\N,\N,"Piece","480","750","1"
"6291100631735","cobra perfume","perfume","cobra",\N,\N,"Piece","135","243","3"
"3317986083093","feah cobra ","perfume","cobra",\N,\N,"Piece","135","243","6"
"3610400000233","cigar perfume","perfume","cigar",\N,\N,"Piece","680","1156","2"
"6281031091227","Fa Soap","SHOAP","Fa bar soap",\N,\N,"Piece","85","130","1"
"4015000914277","Fa body spray","Body Spray","Fa",\N,\N,"Piece","160","244.8","3"
"8410269918817","castor oil","Hair Oil","castor",\N,\N,"Piece","98","145","1"
"715387003000","hot cold perfume","perfume","hot cold",\N,\N,"Piece","580","754","2"
"025929127201","colour me ","perfume","colour me ",\N,\N,"Piece","720","1080","2"
"3355992000260","lapidus ladies perfume","perfume","lapidus ",\N,\N,"Piece","1120","1460","1"
"6291104355125","blu fashion ladies perfume","perfume","blu fashion",\N,\N,"Piece","450","675","2"
"8857101125703","whitening facewash","Facewash","whitening face wash",\N,\N,"Piece","127","185","1"
"4902806000269","gatsby 300ml","hair gel","hair  gel",\N,\N,"Piece","130","234","3"
"6085010045047","sunblock cream ","Fairness Cream","sunblock ",\N,\N,"Piece","125","175","6"
"5012874248582","David Bekham Body Spray","Body Spray","beckham",\N,\N,"Piece","280","420","1"
"614514140017","Blue Lady  Perfume","perfume","perfume ",\N,\N,"Piece","620","950","1"
"5414666010061","saint","perfume","perfume ",\N,\N,"Piece","400","750","3"
"5414666010405","Cuban Glory","perfume","perfume ",\N,\N,"Piece","400","750","1"
"8903105001137","Yardley Body Perfume","perfume","perfume ",\N,\N,"Piece","350","385","1"
"4565343211750","species  women ","perfume","species",\N,\N,"Piece","270","650","1"
"6281056175704","prophecy","perfume","prophecy",\N,\N,"Piece","420","630","2"
"614514060018","blue lady spray","Body Spray","blue lady bodyspray",\N,\N,"Piece","195","335","1"
"3700082500135","marquis","Body Spray","bodyspray",\N,\N,"Piece","172","280","1"
"8850007010715","johnsons powder 2 in 1 ","powder","johnsons powder",\N,\N,"Piece","400","600","2"
"8850007100140","johnsons gift box","Johnsons Baby","johnsons gift box",\N,\N,"Piece","690","1050","2"
"8691313020124","Orkide oil","Hair Oil","Olive oil",\N,\N,"Piece","155","200.11","2"
"2032150258756","Johnsons olive Oil","Olive Oil","Olive Oil",\N,\N,"Piece","190","250.01","1"
"0000418","PATY","Wedding Accessories","PATY",\N,\N,"Piece","40","80","3"
"00001911355","world class wallets","money bag","black",\N,\N,"Piece","450","675","1"
"0001974355669","balisi","money bag","black",\N,\N,"Piece","330","495","1"
"00006578","fuerdanni","money bag","black",\N,\N,"Piece","380","532","1"
"6951035100538","beautiful eyelashes","eyelash","false eyelash",\N,\N,"Piece","10","40","5"
"A27070873502018005A","mac eye lashes","eyelash","mac",\N,\N,"Piece","12.5","37","30"
"001930621778","mac eye lashes glu","eyelash","mac",\N,\N,"Piece","34","98.6","3"
"0003911","Gopinath panc- cake","Make Up","panc cake ",\N,\N,"Piece","57","115","2"
"0001915223133","eye lash glu ","eyelash","false eyelash glu",\N,\N,"Piece","8","15.2","2"
"14523663984","duck lay an egg","Toy","duck ",\N,\N,"Piece","300","480","1"
"0000431","doremon charger car","Toy","doremon  car",\N,\N,"Piece","650","975","1"
"0000432","millennium","Toy","computer game",\N,\N,"Piece","170","255","1"
"0000436","Military Car","Toy","Military Car",\N,\N,"Piece","850","1275",\N
"0000489","england","Wedding Accessories","laques",\N,\N,"Piece","700","1001","1"
"0000497","fita","fita","fita",\N,\N,"Piece","15","40","2"
"5000309002755","Veet Hair Removal Cream","Hair Removal Cream","Veet 100g",\N,\N,"Piece","205","290","1"
"0003082","Linco Powder Case","Powder Case","Linku Powder Case",\N,\N,"Piece","50","100","1"
"8901012187012","Clean&Clear","Facewash","Clean&Clear",\N,\N,"Piece","75","112.5","1"
"8901012188118","Clean&Clear","Facewash","Clean&Clear",\N,\N,"Piece","165","260","2"
"8908001158473","Glam Up","CREAM","Glam-Up",\N,\N,"Piece","160","235.2","1"
"8901012189030","Clean&Clear","Fairness Cream","Clean&Clear",\N,\N,"Piece","185","280","2"
"8139003001027","Savlon","SHOAP","Savlon",\N,\N,"Piece","35","45","1"
"8992745320692","Stella","Air Freshner","Air Freshner",\N,\N,"Piece","230","299","1"
"8992745325406","Stella matic  ","Air Freshner","Air Freshner",\N,\N,"Piece","680","799","1"
"3574660136210","Sexy Men","perfume","Sexy Men",\N,\N,"Piece","580","1015","1"
"8994706012813","President 8407 24\"","Travel Bag","President",\N,\N,"Piece","5100","6100.01","1"
"0001524","Hair band","Hair","Hair Band",\N,\N,"Piece","0.8","4.8","20"
"0001525","Hair band","Hair","Hair Band",\N,\N,"Piece","10","20","20"
"0001526","Hair band","Hair","Hair Band",\N,\N,"Piece","5","9","10"
"7610196019217","Trisa Swiss Clean","Toothbrush","Toothbrush",\N,\N,"Piece","88","130","1"
"8901314019257","colgate ","Pest","Pest",\N,\N,"Piece","142","160","2"
"8941100501214","Meril Baby Pest","Pest","Pest",\N,\N,"Piece","56","70","1"
"3610400000257","Cigar Bodyspray","Body Spray","Body Spray",\N,\N,"Piece","150","200.25","2"
"8941100648643","LUX Soap 150 g","SHOAP","Soap",\N,\N,"Piece","38","42.01","1"
"8901725921736","Fiama Bars","SHOAP","Soap",\N,\N,"Piece","110","145","1"
"8941100650059","Lux Soap 100g ","SHOAP","Soap",\N,\N,"Piece","27.5","30","1"
"7501056371821","Dove Soap 135 g","SHOAP","Soap",\N,\N,"Piece","75","110","1"
"8851932273664","Sunsilk 340ml","shampoo","Shampoo",\N,\N,"Piece","340","510","1"
"8851932300391","Sunsilk 320ml","shampoo","Shampoo",\N,\N,"Piece","300","510","1"
"8850195710022","Tabu Powder 100g","powder","Powder",\N,\N,"Piece","200","300","1"
"8901030323874","Ponds Oil Controll Powder 100g","powder","Powder",\N,\N,"Piece","125","165","2"
"4005808813698","Nivea Men Facewash Deep Clean","Facewash","Facewash",\N,\N,"Piece","185","300.07","1"
"8901526203574","GarnierMen PowderWhite 100g","Facewash","Facewash",\N,\N,"Piece","175","280","2"
"8901526211760","Garnier DoubleAction 100g","Facewash","Facewash",\N,\N,"Piece","220","315","1"
"8901526211555","Garnier PureActive Neem+Tulsi 50g","Facewash","Facewash",\N,\N,"Piece","80","130.4","1"
"8991380232131","Loreal Men Expert Facewash 100ml","Facewash","Facewash",\N,\N,"Piece","285","350","2"
"4005900181305","Nivia man fswas","Facewash","Facewash",\N,\N,"Piece","325","450.13","1"
"11238300","Due Fairness cream","Fairness Cream","Fairness Cream",\N,\N,"Piece","215","330","1"
"5011321868175","Olay Natural White Day Cream","Fairness Cream","Fairness Cream",\N,\N,"Piece","330","495","1"
"6928573339935","Adora chocolate 100g","Chocolate","Chocolate",\N,\N,"Piece","95","152","2"
"9501034000901","Eclairs","Chocolate","Chocolate",\N,\N,"Piece","145","220.41","1"
"9556138001675","Fruits","Chocolate","Chocolate",\N,\N,"Piece","90","126","2"
"0001197","Ladies Purse","Ladies Purse","Ladies Purse",\N,\N,"Piece","580","1160","1"
"8994706028647","President 1069 24\"","Travel Bag","Travel Bag",\N,\N,"Piece","3200","3700.48","1"
"8994706031463","President 9072 16\"","Travel Bag","Travel Bag",\N,\N,"Piece","3800","4600.28","1"
"8994706026513","presidrnt ","Travel Bag","Travel Bag",\N,\N,"Piece","4900","5800.13","1"
"0001151","Towel","Towel","Towel",\N,\N,"Piece","340","575","2"
"8901030376221","Ponds Age Miracal 35","CREAM","Cream",\N,\N,"Piece","480","620.16","1"
"0001154","Pretty Girl","Toy","Toy",\N,\N,"Piece","200","320","1"
"0001155","Talk Parrot","Toy","Toy",\N,\N,"Piece","350","550.2","1"
"0002155","crazy car","Toy","Toy",\N,\N,"Piece","230","345","1"
"0003028","Helicopter","Toy","Toy",\N,\N,"Piece","2200","3520","1"
"1512200045","City Gold LocketChain","Accessories","Accessories",\N,\N,"Piece","200","420","2"
"4902806000313","Gatsby Hard Hair Gel 150g","Hair","Hair",\N,\N,"Piece","85","130.05","2"
"0001149","Tayas love fill","Fill","Fill",\N,\N,"Piece","380","494","1"
"0001568","Fake Sale ftw","Fill","Fill",\N,\N,"Piece","11829","11829","1"
"0001153","Heli coupter","hely coupter","expert",\N,\N,"Piece","1080","1782",\N
"3574660420951","Johnsons Baby Lotion 500 ml","Body lotion","Body Lotion",\N,\N,"Piece","365","530.02","1"
"3574660453157","Jhons baby lotion 300ml","Body lotion","Body Lotion",\N,\N,"Piece","225","320","1"
"8901030560590","Vaseline Intensive Care 300ml","Body lotion","Body Lotion",\N,\N,"Piece","240","460","1"
"8717163962039","Bruit Aftershave","After Shave","After Shave",\N,\N,"Piece","265","320.12","1"
"6946844501188","Vitamin E Capsule","Capsule","Capsule",\N,\N,"Piece","60","120","1"
"0001359","Tip Kusum Suhang Galaxy","Tip","Tip",\N,\N,"Piece","20","70","9"
"0001542","Pencil Lipstick ","Make Up","Make Up",\N,\N,"Piece","24","72","10"
"6900502382120","Davi Waterproof Eyeliner Pencil","Make Up","Make Up",\N,\N,"Piece","7","30","2"
"836558005019 2","Lakme Matte Lipstick 2x","Make Up","Make Up",\N,\N,"Piece","35","120","10"
"6999670818456","Excel WaterProof Lipgloss","Make Up","Make Up",\N,\N,"Piece","20","60","4"
"8850007100133","Jhonsons Baby bath time","Gift Set","Gift Set",\N,\N,"Piece","480","720","1"
"6936815202190","Toothpick Small","Tooth","Tooth",\N,\N,"Piece","14","20","5"
"3401080719986","Saki","Tooth","Tooth",\N,\N,"Piece","35","70","2"
"0002085","Gucci Wallet","Wallet","Wallet",\N,\N,"Piece","290","464","1"
"0002307","Seiko Clock","Watches","Watch",\N,\N,"Piece","1340","2010","1"
"0002405","Hijab Pin","Hijab","Hijab",\N,\N,"Piece","2","5","2"
"0001225","City Gold Earing","juwellary","juwellary",\N,\N,"Piece","220","360.01","2"
"0001505","Hair Clip gold","Hair Clip","Hair Clip",\N,\N,"Piece","8","16","10"
"0000637","Gold Plate Necklace Set","Necklace","Necklace Set",\N,\N,"Piece","1100","3080","1"
"0000645","City Gold Necklace","Necklace","Necklace Set",\N,\N,"Piece","680","1360","1"
"0001061","Kundon Mala","Necklace","Necklace Set",\N,\N,"Piece","180","360","1"
"0001815","Daymon Locket C.","Necklace","Necklace Set",\N,\N,"Piece","180","500.4","1"
"8901030463419","Lakme Facepowder","Make Up","Facepowder",\N,\N,"Piece","90","630","2"
"0001562","Nivia man fswas","Make Up","Facepowder",\N,\N,"Piece","325","450.13","1"
"8901030231124","Lakme 9to5 Face poeder","Make Up","Facepowder",\N,\N,"Piece","95","630","1"
"0000234","Hijab Clip","Hair Clip","saree",\N,\N,\N,"24","42","6"
"0002392","Saruane panjabe","silk","saree",\N,\N,\N,"2400","3120","1"
"8855629363737","white spa lotion","cosmetics","loution",\N,\N,\N,"140","210","1"
"8901030547492","axe signature","perfume","axe",\N,\N,\N,"270","380.7","2"
"8901030421402","tresemme 580ml","shampoo","tresemme",\N,\N,\N,"580","750.06","1"
"8901030573200","tresemme smooth 200ml","shampoo","tresemme smooth and shine",\N,\N,\N,"230","300.38","1"
"8901030573170","tresemme keratin","shampoo","tresemme keratin smooth",\N,\N,\N,"155","300.24","2"
"8901030637353","fair & lovely 80gm","cosmetics","fair & lovely",\N,\N,\N,"185","280","2"
"8901030565328","fair & lovely 50 gm","cosmetics","fair & lovely",\N,\N,\N,"118","170","2"
"0001659","Clean&Clear","shampoo","Clinic Plus",\N,\N,\N,"195","195","1"
"8906006432505","Kiwi Shoe Shine","Shoe Link","Kiwi link",\N,\N,\N,"110","165","1"
"8901526212255","garnier color naturals","Hair colour","Garnier Color",\N,\N,\N,"200","280","2"
"8901526204731","Garnier Colour naturals Black Small","Hair colour","Garnier Color",\N,\N,\N,"100","150","2"
"8901526206377","Garnier Colour naturals Brown Small","Hair colour","Garnier Color",\N,\N,\N,"95","130.15","2"
"8901526204458","Garnier Hair Color","Hair colour","Garnier Color",\N,\N,\N,"205","330","1"
"0000294","Sensodyne","Pest","Sensodyne",\N,\N,\N,"55","220","2"
"5000347022999","Sensodyne Pro Namel","Pest","Sensodyne",\N,\N,\N,"390","480","1"
"8901571004614","Sensodyne Pest","Pest","Sensodyne",\N,\N,\N,"155","195","4"
"8901314306265","Colgate ZigZag","Toothbrush","Zigzag",\N,\N,\N,"40","80","1"
"8906014765978","Bajaj Oil 200 ml","Hair Oil","Bajaj Oil",\N,\N,\N,"190","250","1"
"0000679","Bajaj Oil B","Hair Oil","Bajaj Oil",\N,\N,\N,"220","250.14","1"
"8906014765961","Bajaj Oil S","Hair Oil","Bajaj Oil",\N,\N,\N,"95","130","1"
"8901030323867","Ponds Sandal 300 g","powder","Ponds sandal",\N,\N,\N,"265","380","1"
"8901030323782","Ponds Dreamflower400 g","powder","Ponds Dreamfiower",\N,\N,\N,"325","455","1"
"8901030450976","Ponds Powder DreamFlower 400g","powder","Ponds Dreamfiower",\N,\N,\N,"250","325","1"
"8908001158022","Whitetone 70g","powder","Whit tone",\N,\N,\N,"135","185","1"
"8901450004735","Envy 1000 Body Spray","Body Spray","Envy1000",\N,\N,\N,"250","350","1"
"8901450004711","Envy 1000 Body Spray","Body Spray","Envy1000",\N,\N,\N,"250","350","1"
"8901450004728","Envy 1000 Body Spray","Body Spray","Envy1000",\N,\N,\N,"250","350","1"
"0000490","nior","Kajal","eyeconic",\N,\N,\N,"30","52.2","2"
"8901030556340","ponds white beauty Cream 50 gm","Ponds White Beauty","Ponds White beauty cream",\N,\N,\N,"255","415","1"
"8901030638084","ponds white beauty Cream 35 g","Ponds White Beauty","Ponds White beauty cream m",\N,\N,\N,"172","250","1"
"8901030556326","ponds white beauty Cream 25 g","Ponds White Beauty","Ponds White beauty cream s",\N,\N,\N,"98","165","1"
"8901030393761","ponds white beauty Facewash 100 g","Facewash","Ponds White beauty Facewash 100 g",\N,\N,\N,"205","320","1"
"8999999040451","Ponds White Beauty Pearl 100g","Facewash","Ponds White beauty Facewash 100 g",\N,\N,\N,"250","350","1"
"8901030371417","ponds white beauty Facewash 50 gm","Facewash","Ponds White beauty Facewash",\N,\N,\N,"118","165.2","2"
"8901526208616","Garnier White Complete 40g","Fairness Cream","Garnier White Complete Cream",\N,\N,\N,"180","325","1"
"8901526205066","Garnier White Complete 40 g","Fairness Cream","Garnier White Complete Cream",\N,\N,\N,"260","390","1"
"8901526212743","Garnier White Complete 18 g","Fairness Cream","Garnier White Complete Cream s",\N,\N,\N,"95","123.5","1"
"8901526213054","Garnier White Complete 18g","Fairness Cream","Garnier White Complete Cream s",\N,\N,\N,"110","165","1"
"3600520770925","Loreal Infallible 30 ml","Make Up","Loreal Infallible",\N,\N,\N,"120","450","1"
"8901030175046","Lakme Eyeliner 9 ml","Make Up","Lakme Eyeliner",\N,\N,\N,"135","240","6"
"8901030545429","Fair & Lovely BB Cream 40 gm","Fairness Cream","Ponds BB Cream",\N,\N,\N,"170","290","1"
"8901030456619","Ponds BB Cream 18 g","Fairness Cream","Ponds BB Cream",\N,\N,\N,"195","280","1"
"8901526209637","Garnier Men Acno Fight","Facewash","Garnier Men",\N,\N,\N,"220","315","1"
"8901526212095","Garnier Men facewash set","Facewash","Garnier Men",\N,\N,\N,"225","300.38","2"
"806360320600","Lotus Whiteglow","Fairness Cream","Lotus Cream",\N,\N,\N,"440","660","1"
"806360270608","Lotus Whiteglow Night","Fairness Cream","Lotus Cream",\N,\N,\N,"400","600","1"
"8904006302750","WILD STONE","Body Spray","WILD STONE",\N,\N,\N,"180","252","1"
"8904006305591","WILD STONE Iron","perfume","WILD STONE",\N,\N,\N,"260","380.12","1"
"8904006306192","WILD STONE Perfume","perfume","WILD STONE",\N,\N,\N,"265","410","1"
"8904006305614","Wild Stone Chrome","perfume","WILD STONE",\N,\N,\N,"260","380.12","1"
"8904006305621","Wild Stone Copper","perfume","WILD STONE",\N,\N,\N,"260","380.12","1"
"8906055790281","LAYERR SHOT","Body Spray","LAYERR SHOT",\N,\N,\N,"210","315","1"
"8906055790380","LAYERR SHOT ABSOLUTE","Body Spray","LAYERR SHOT ABSOLUTE",\N,\N,\N,"240","330","1"
"0001139","LAYERR SHOT LIVE","Body Spray","LAYERR SHOT LIVE",\N,\N,\N,"240","350.4","1"
"8904103306903","ADICTION PERFUME","perfume","ADICTION",\N,\N,\N,"270","405","1"
"8904103306859","ADICTION BODY SPRAY","Body Spray","ADICTION",\N,\N,\N,"210","294","1"
"8904006303597","secret temptation","Body Spray","sectet ",\N,\N,\N,"190","265","2"
"8901725951108","ENGAGE BODY SPARY ","Body Spray","ENGAGE",\N,\N,\N,"180","198","2"
"0000717","Engage","Body Spray","ENGAGE",\N,\N,\N,"280","420","2"
"8901248268066","HE BODY SPRAY","Body Spray","HE",\N,\N,\N,"170","238","2"
"8901277014146","PARK AVENUE IMPACT MAGNIFICO","perfume","PARK AVENUE IMPACT",\N,\N,\N,"280","420","2"
"8908001158718","FOGG blue skies ","perfume","FOGG",\N,\N,\N,"290","400.2","2"
"8904238300012","Fogg Perfume","perfume","FOGG",\N,\N,\N,"500","735","1"
"8904238300043","Fogg Perfume","perfume","FOGG",\N,\N,\N,"490","735","1"
"8904238300005","Fogg Perfume","perfume","FOGG",\N,\N,\N,"500","735","1"
"8904238300029","Fogg Perfume","perfume","FOGG",\N,\N,\N,"500","735","1"
"8904238300050","Fogg Perfume","perfume","FOGG",\N,\N,\N,"490","735","1"
"8904238300036","Fogg Perfume","perfume","FOGG",\N,\N,\N,"550","770","1"
"8904238300067","Fogg Perfume","perfume","FOGG",\N,\N,\N,"490","735","1"
"8901725950101","ENGAGE BODY SPARY for man ","Body Spray","engage ",\N,\N,\N,"180","260.1","2"
"4005808594306","nivea whitening","Body Spray","nivea",\N,\N,\N,"230","322","2"
"4005808816002","Nivea body Spray","Body Spray","nivea",\N,\N,\N,"175","245","2"
"8901030203176","vaseline hair tonic oil 300ml","Hair Oil","vaseline",\N,\N,\N,"195","253.5","2"
"8901030025297","vaseline hair tonic 200ml","Hair Oil","vaseline",\N,\N,\N,"145","200.1","2"
"8901088021692","hair and care oil 300ml","Hair Oil","hair and care ",\N,\N,\N,"225","292.5","2"
"8901088120401","hair and care oil 200ml","Hair Oil","hair and care",\N,\N,\N,"130","195","1"
"8901088028097","nihar coconut hair oil 400ml","Hair Oil","nihar coconut ",\N,\N,\N,"240","312","2"
"8906014201209","Keo Karpin 100ml","Hair Oil","keo karpin",\N,\N,\N,"85","119","1"
"8851932344562","tresemme NEW","shampoo","tresemme NEW",\N,\N,\N,"245","300.13","1"
"6281006479722","LUX Soap","SHOAP","LUX 170 G",\N,\N,\N,"71","115","1"
"0000386","LUX 170 G","SHOAP","LUX 170 G",\N,\N,\N,"65","84.5","2"
"6281001342014","Palmolive 175 g","SHOAP","Palmolive",\N,\N,\N,"112","145.6","1"
"6281001342021","Palmolive Soap","SHOAP","Palmolive",\N,\N,\N,"112","145.6","1"
"6281001342083","Palmolive","SHOAP","Palmolive",\N,\N,\N,"112","145.6","1"
"067238891190","Dove Soap 135 g","SHOAP","Dove",\N,\N,\N,"85","120.03","1"
"0001773","Dove Soap 135 g","SHOAP","Dove",\N,\N,\N,"65","97.5","2"
"4902430400992","Pantene 340 ml","shampoo","Pantene",\N,\N,\N,"260","340","1"
"0002798","Pantene 375 ml","shampoo","Pantene",\N,\N,\N,"430","560","1"
"0000833","Pantene 2in1","shampoo","Pantene",\N,\N,\N,"330","462","2"
"4902430411776","Head & Shoulder 330 ml","shampoo","Head & Shoulder",\N,\N,\N,"240","310.01","1"
"0000834","Head & Shoulder S","shampoo","Head & Shoulder",\N,\N,\N,"150","210","2"
"0000835","Head & Shoulder M","shampoo","Head & Shoulder",\N,\N,\N,"270","378","2"
"0000836","Head & Shoulder B","shampoo","Head & Shoulder",\N,\N,\N,"600","840","2"
"8851932299787","Sunsilk 320 ml","shampoo","Sunsilk 320 ml",\N,\N,\N,"190","300.2","1"
"3700082500104","Maxi Body Spray","Body Spray","Maxi body spray",\N,\N,\N,"170","255","1"
"3700082500364","Havoc Gold","Body Spray","Havoc",\N,\N,\N,"180","270","1"
"3355991000230","ONE MAN SHOW 100 ml","perfume","ONE MAN SHOW",\N,\N,\N,"810","1215","1"
"3014260004873","Gillette Foam 200 ml","Saving Cream","Gillette Foam",\N,\N,\N,"150","210","1"
"0001719","Meril Kool Saving Foam","Saving Cream","Gillette Foam",\N,\N,\N,"160","190.4","2"
"8941100500590","Meril Kool Saving Foam","Saving Cream","Gillette Foam",\N,\N,\N,"200","240","1"
"7702018980819","Gillette Gel","Saving Cream","Gillette Gel",\N,\N,\N,"210","300.3","2"
"8851932231374","Dove 375 ml","shampoo","Dove 375 ml",\N,\N,\N,"350","500","1"
"8851932231091","Dove Shampoo 375ml","shampoo","Dove 375 ml",\N,\N,\N,"350","525","1"
"8851932231015","Dove Shampoo 375ml","shampoo","Dove 375 ml",\N,\N,\N,"280","435","1"
"8718114562506","Dove Conditioner 200 ml","Conditioner","Dove Conditioner",\N,\N,\N,"190","285","1"
"8718114628004","Dove Conditioner","Conditioner","Dove Conditioner",\N,\N,\N,"180","270","1"
"0000831","Dove Conditioner","Conditioner","Dove Conditioner",\N,\N,\N,"160","224","2"
"8718114627007","Dove Conditioner","Conditioner","Dove Conditioner",\N,\N,\N,"180","270","1"
"079400866707","Dove Conditioner","Conditioner","Dove Conditioner",\N,\N,\N,"370","560","1"
"88530215","Johnsons Baby Cream 100 g","Johnsons Baby","Johnsons Baby Cream",\N,\N,\N,"340","450","1"
"3574660149548","Johnsons Baby Soft Cream 200 ml","Johnsons Baby","Johnsons Baby Cream",\N,\N,\N,"210","300","1"
"3574660057607","Johnsons Baby Soft Cream","Johnsons Baby","Johnsons Baby Cream",\N,\N,\N,"260","360.36","2"
"88530208","Johnsons Baby Cream 50 g","Johnsons Baby","Johnsons Baby Cream",\N,\N,\N,"150","195","1"
"88531649","Johnsons Baby Cream S","Johnsons Baby","Johnsons Baby Cream",\N,\N,\N,"200","290","2"
"4005900008442","Nivea Soft 200 ml","Fairness Cream","Nivea Soft",\N,\N,\N,"320","480","1"
"4005808890590","Nivea Soft 100 ml","Fairness Cream","Nivea Soft",\N,\N,\N,"185","280","1"
"4902430657150","Gillette Mach3","Blades","Gillette Blades",\N,\N,\N,"270","380","1"
"047400179349","Gillete Mach 3 4s","Blades","Gillette Blades",\N,\N,\N,"456","510","1"
"047400179240","Gillete Mach 3 2s","Blades","Gillette Blades",\N,\N,\N,"230","273.01","1"
"7702018918041","Gillette Fusion","Blades","Gillette Fusion",\N,\N,\N,"558","625.02","1"
"7702018879069","Gillette Fusion 4s","Blades","Gillette Fusion",\N,\N,\N,"680","880.06","1"
"7702018877478","Gillette Fusion 2s","Blades","Gillette Fusion",\N,\N,\N,"370","450.3","1"
"7610196001052","Trisa Fresh","Toothbrush","Trisa fresh",\N,\N,\N,"132","185","1"
"7610196003650","Trisa Flexible Head","Toothbrush","Trisa Flexible Head",\N,\N,\N,"124","173.6","2"
"7610196002530","Trisa Flexible","Toothbrush","Trisa Flexible",\N,\N,\N,"113","158.2","2"
"7610196064545","Trisa Pearl White","Toothbrush","Trisa Pearl White",\N,\N,\N,"85","119","2"
"7610196063852","Trisa Pearl White","Toothbrush","Trisa Pearl White",\N,\N,\N,"90","135","1"
"7610196001564","Trisa Focus","Toothbrush","Trisa Focus",\N,\N,\N,"85","130","1"
"5000101911231","Imperial Leather 175 g","SHOAP","Imperial Leather",\N,\N,\N,"56","100.08","2"
"5000101911316","Imperial Leather","SHOAP","Imperial Leather",\N,\N,\N,"95","135","1"
"0000747","Imperial Leather 175g","SHOAP","Imperial Leather",\N,\N,\N,"0","0","4"
"5000101911071","Imperial Leather","SHOAP","Imperial Leather",\N,\N,\N,"75","135","1"
"5017306008321","Pears 125 g","SHOAP","Pears",\N,\N,\N,"80","115","2"
"8901030005176","Pears","SHOAP","Pears",\N,\N,\N,"70","135.1","3"
"8901030024023","Pears","SHOAP","Pears",\N,\N,\N,"70","135","3"
"8850007020462","Johnsons Baby Soap 75 g","Johnsons Baby","Johnsons Baby Soap",\N,\N,\N,"55","85","2"
"6291100762927","Johnsons Baby Soap 125 g","Johnsons Baby","Johnsons Baby Soap",\N,\N,\N,"55","77","2"
"810402002348","Mouth Spray 20 ml","Mouth Wash","Mouth Spray",\N,\N,\N,"80","104","2"
"8850007811251","Listerine Mouth Wash Big","Mouth Wash","Mouth Spray",\N,\N,\N,"300","510","1"
"6221048408106","Signal Pest 182 g","Pest","Signal Pest",\N,\N,\N,"110","143","2"
"8851228000226","Darlie Pest 180 ml","Pest","Darlie Pest",\N,\N,\N,"170","230.01","2"
"8901030023583","vaseline 240 ml"," Skin Jelly","vaseline 240 ml",\N,\N,\N,"245","343","2"
"89004838","vaseline 120 ml"," Skin Jelly","vaseline 120 ml",\N,\N,\N,"180","270","1"
"50007820","Astral 50 ml","Fairness Cream","Astral Cream",\N,\N,\N,"25","50","1"
"6949777600232","Cotton Swabs","Cotton Bud","Cotton Swabs",\N,\N,\N,"25","31.25","2"
"8851932332422","Lux Shower Gel 500 ml","Body Wash","Lux Shower gel",\N,\N,\N,"330","462","1"
"8999999036591","Lux Shower Gel 250 ml","Body Wash","Lux Shower gel S",\N,\N,\N,"140","196","1"
"7640142778721","DENIM Dedorant Roll","Dedorant Roll","Denim",\N,\N,\N,"145","240","2"
"8888202018175","Enchanteur Dedorant Roll","Dedorant Roll","Enchanteur",\N,\N,\N,"120","180","2"
"4015000519977","Fa Dedorent Roll","Dedorant Roll","Fa Passion",\N,\N,\N,"115","190","2"
"6291100760459","Johnsons Baby Soap 125 g","Johnsons Baby","Johnsons Baby Soap",\N,\N,\N,"75","105","2"
"9556006060308","Johnsons Baby Bath 100 ml","Johnsons Baby","Johnsons Baby Bath",\N,\N,\N,"90","126","2"
"9556006060001","Johnsons Baby Bath 200 ml","Johnsons Baby","Johnsons Baby Bath B",\N,\N,\N,"175","245","2"
"9556006012093","Johnsons Top-To-Toe 200 ml","Johnsons Baby","Johnsons Top-To-Toe",\N,\N,\N,"175","260","2"
"9556006012413","Johnsons Baby 500 ml","Johnsons Baby","Johnsons Top-To-Toe",\N,\N,\N,"350","490","2"
"9556006012086","johnsons top to toe","Johnsons Baby","Johnsons Top-To-Toe",\N,\N,\N,"100","150","1"
"9556006014547","Johnsons Baby Shampoo 100 ml","Johnsons Baby","Johnsons Baby Shampoo",\N,\N,\N,"98","150","2"
"8901012116340","Johnsons Baby Shampoo","Johnsons Baby","Johnsons Baby Shampoo",\N,\N,\N,"115","180","1"
"9556006000250","Johnsons Baby Shampoo 200 ml","Johnsons Baby","Johnsons Baby Shampoo B",\N,\N,\N,"165","250","2"
"3574660048124","Jhonson Shampoo 500ml.","Johnsons Baby","Johnsons Baby Shampoo B",\N,\N,\N,"270","450.36","2"
"8420086720104","Max Touch 2010","Make Up","Max Touch 2010",\N,\N,\N,"4000","6800","1"
"8420086720227","Max Touch 2022","Make Up","Max Touch 2022",\N,\N,\N,"2700","4590","1"
"8420086720098","Max Touch 2009","Make Up","Max Touch 2009",\N,\N,\N,"3600","6120","1"
"8420086721613","Max Touch 2161","Make Up","Max Touch 2161",\N,\N,\N,"2850","4275","1"
"6923044783590","Aroma Nail Polish","Make Up","Aroma Nail Polish",\N,\N,\N,"50","112","1"
"6944261500272","Aroma Nail Polish Jori","Make Up","Aroma Nail Polish Jori",\N,\N,\N,"75","120","6"
"6922965185117","Ever Beauty Eyeliner","Make Up","Eyeliner",\N,\N,\N,"110","220","6"
"6903072250059","Eye Makeup","Make Up","Eyeliner",\N,\N,\N,"150","285","2"
"6903072262229","Eyeliner Waterproof","Make Up","Eyeliner",\N,\N,\N,"150","315","2"
"8564563336218","Mac","Make Up","Eyeliner",\N,\N,\N,"150","270","2"
"8858946286246","Mac Eyeliner","Make Up","Eyeliner",\N,\N,\N,"130","275","2"
"6903072248759","Kiss Beauty","Make Up","Eyeliner",\N,\N,\N,"170","425","2"
"0001479","Bonny Ann Eyeliner","Make Up","Eyeliner",\N,\N,\N,"25","50","4"
"0001480","La Femme waterproof eyeliner","Make Up","Eyeliner",\N,\N,\N,"38","95","6"
"8858854600073","Make Up Fixing","Make Up","Make Up Fixing",\N,\N,\N,"280","420","2"
"6958741940199","Sara Rose 4019","Make Up","Sara Rose 4019",\N,\N,\N,"850","1275","1"
"6958741940809","Sara Rose 4080","Make Up","Sara Rose 4080",\N,\N,\N,"850","1275","1"
"6958741940694","Sara Rose 4069","Make Up","Sara Rose 4069",\N,\N,\N,"900","1350","1"
"6958741940922","Sara Rose 4092","Make Up","Sara Rose 4092",\N,\N,\N,"600","900","1"
"6958741940724","Sara Rose 4072","Make Up","Sara Rose 4072",\N,\N,\N,"450","675","1"
"6923859299996","Ever Beauty Eye Shadow","Make Up","Eye Shadow",\N,\N,\N,"50","75","6"
"6953743361690","Miss Rose EyeShadow and Loose Powder","Make Up","Eye Shadow",\N,\N,\N,"160","272","2"
"0001539","Chanlanya Eyeshadow box","Make Up","Eye Shadow",\N,\N,\N,"55","150","1"
"6935367660540","Roseleaf Eyeshow kit","Make Up","Eye Shadow",\N,\N,\N,"130","480.09","1"
"6958741931210","Kiss Touh Eyeshadow","Make Up","Eye Shadow",\N,\N,\N,"115","230","1"
"6958741931203","Kiss Touh Eyeshadow","Make Up","Eye Shadow",\N,\N,\N,"115","230","1"
"6958741950808","Roseleaf Eyeshow kit","Make Up","Eye Shadow",\N,\N,\N,"140","400","1"
"6933235682083","Max Girl Eyeshadow Kit","Make Up","Eye Shadow",\N,\N,\N,"130","260","1"
"6958741930480","Roseleaf Eyeshow kit","Make Up","Eye Shadow",\N,\N,\N,"150","480","1"
"8299122000230","Mac Eyeshadow Kit","Make Up","Eye Shadow",\N,\N,\N,"750","1350","1"
"8992304004056","Loreal True Match Fresh","Make Up","Loreal True Match Fresh",\N,\N,\N,"160","624","2"
"6923492530937","Olay True Match Fresh","Make Up","Olay True Match Fresh",\N,\N,\N,"150","350.1","2"
"4892218000813","MAC Cashmere Tube","Make Up","MAC Cashmere",\N,\N,\N,"150","435","2"
"8935030233192","Loreal Eyeliner","Make Up","Loreal Eyeliner",\N,\N,\N,"150","210","2"
"0000148","Loreal Loose Powder","Make Up","Loreal Loose Powder",\N,\N,\N,"200","280","2"
"6903056104934","Ever Beauty Medical Powder","Make Up","Ever Beauty Medical Powder",\N,\N,\N,"180","270","2"
"6900851041099","Sara Rose Medical Powder 24 g","Make Up","Sara Rose Medical Powder",\N,\N,\N,"180","252","2"
"6900851041082","Sara Rose Medical Powder 26 g","Make Up","Sara Rose Medical Powder",\N,\N,\N,"180","252","1"
"8806338715492","Lock'N Summer","Make Up","Lock'N Summer",\N,\N,\N,"150","210","2"
"8901030365874","Lakme F/P 20 g","Make Up","Lakme f/P",\N,\N,\N,"130","182","2"
"8901030230141","Lakme Absolute F/P 20 g","Make Up","Lakme Absolute f/P",\N,\N,\N,"120","180","2"
"0000154","Shiseido F/P","Make Up","SHISEILDO F/P",\N,\N,\N,"120","180","2"
"8690604400959","Florner F/P","Make Up","Flornar F/P",\N,\N,\N,"220","330","2"
"8690604085941","Florner Foundation","Make Up","Flornar Foundation",\N,\N,\N,"220","330","2"
"0000158","Jordana Eyeliner","Make Up","Jordana Eyeliner",\N,\N,\N,"50","150","1"
"0000159","Jordana Eyeliner","Make Up","Jordana Eyeliner",\N,\N,\N,"25","80","6"
"0000161","Jully Rose Lipgloss 12 ml","Make Up","Jully Rose Lipgloss",\N,\N,\N,"45","67.5","2"
"0000162","Jully Rose Lipgloss ","Make Up","Jully Rose Lipgloss",\N,\N,\N,"45","63","6"
"6923859111045","Ever Beauty Lipstick","Make Up","Ever Beauty Lipstick",\N,\N,\N,"50","70","6"
"0000165","Nail","Make Up","Nail",\N,\N,\N,"80","104","6"
"0000166","Sharpner","Make Up","Sharpner",\N,\N,\N,"40","50","6"
"836558005019","La Femme Lipstick","Make Up","La Femme Lipstick",\N,\N,\N,"125","175","6"
"6287001670959","La Femme F/P","Make Up","La Femme F/P",\N,\N,\N,"230","322","2"
"6927874802506","La Femme HD Foundation","Make Up","La Femme HD Foundation",\N,\N,\N,"270","540","2"
"0000171","Loreal 3 in 1","Make Up","Loreal 3 in 1",\N,\N,\N,"50","80","2"
"0000659","Nior Matte Lipstick","Make Up","Nior Matte Lipstick",\N,\N,\N,"35","290.01","6"
"6297482522012","Miss & Mrs Black","Make Up","Miss & Mrs",\N,\N,\N,"260","365","2"
"04079707","Nior Mascara","Make Up","Nior Mascara",\N,\N,\N,"240","320","2"
"0000175","Nior kajal","Make Up","Nior Eyeliner",\N,\N,\N,"30","90","2"
"6946038609959","Ever Beauty Zero Makup Remover","Make Up","Ever Beauty Zero ",\N,\N,\N,"150","210","2"
"6922965185100","Ever Beauty Eyeliner","Make Up","Ever Beauty Eyeliner",\N,\N,\N,"110","154","6"
"8901725950200","ENGAGE BODY SPARY ","Body Spray","Engage Body Spray",\N,\N,\N,"180","250.2","1"
"8908001158961","FOGG VICTOR","Body Spray","FOGG Victor",\N,\N,\N,"220","308","1"
"89005590","Gulabari 120 ml","Rose water","Dabur  Gulabari",\N,\N,\N,"90","135","2"
"8901725934019","Active Fair Healthy","Fairness Cream","Active fair",\N,\N,\N,"150","195","2"
"6985879612582","Nail","cosmetics","Nail",\N,\N,\N,"80","104","12"
"6903072258734","kiss beauty","Make Up","Kiss Beauty",\N,\N,\N,"550","770","1"
"6937926329127","ever Beauty Dimention","Make Up","Ever Beauty Dimention",\N,\N,\N,"850","1190","1"
"8901030585258","vaseline 100 ml","CREAM","vaseline",\N,\N,\N,"130","182","2"
"8901030023590","Vasline 480ml","CREAM","vaseline",\N,\N,\N,"450","630","2"
"0000189","Ladies Bracelate","juwellary","Ladies Bracelate",\N,\N,\N,"150","225","1"
"0001557","Ladics Brcelate","juwellary","Ladies Bracelate",\N,\N,\N,"125","200","10"
"0000191","Ladies Bracelate","juwellary","Ladies Bracelate",\N,\N,\N,"150","240","5"
"0000228","City Gold Bracelate","juwellary","Ladies Bracelate",\N,\N,\N,"95","152","1"
"0002594","City Gold Bracelate","juwellary","Ladies Bracelate",\N,\N,\N,"200","440","1"
"0000193","ring","juwellary","Bracelate",\N,\N,\N,"100","600","2"
"0000194","Ladies Bracelate","juwellary","Bracelate",\N,\N,\N,"85","127.5","2"
"0000612","City Gold Bracelate","juwellary","Bracelate",\N,\N,\N,"500","750","1"
"0000614","City Gold Bracelate","juwellary","Bracelate",\N,\N,\N,"280","476","1"
"0000615","City Gold Bracelate","juwellary","Bracelate",\N,\N,\N,"300","510","1"
"0001831","City Gold Bracelate","juwellary","Bracelate",\N,\N,\N,"90","180","2"
"0000613","City Gold Bracelate","juwellary","Bracelate",\N,\N,\N,"400","640","1"
"0000641","City Gold Bracelate","juwellary","Bracelate",\N,\N,\N,"300","480","1"
"0000196","City Gold Earing","juwellary","Earing",\N,\N,\N,"160","240","1"
"0000197","City Gold Earing","juwellary","Earing",\N,\N,\N,"105","157.5","2"
"0001741","City Gold Earing","juwellary","Earing",\N,\N,\N,"270","486","2"
"0001830","City Gold Earing","juwellary","Earing",\N,\N,\N,"400","840","1"
"0000200","City Gold Earing","juwellary","Earing",\N,\N,\N,"115","280","1"
"0000198","City Gold Earing","juwellary","City Gold Earing",\N,\N,\N,"150","225","1"
"0000199","City Gold Earing","juwellary","City Gold Earing",\N,\N,\N,"120","180","2"
"0000204","City Gold Earing","juwellary","City Gold Earing",\N,\N,\N,"80","120","5"
"0000251","City Gold Earing","juwellary","City Gold Earing",\N,\N,\N,"90","180","1"
"0000566","City Gold Earing","juwellary","City Gold Earing",\N,\N,\N,"625","812.5","1"
"0001744","City Gold Earing","juwellary","City Gold Earing",\N,\N,\N,"330","594","2"
"0001751","City Gold Earing","juwellary","City Gold Earing",\N,\N,\N,"270","432","2"
"0001829","City Gold Earing","juwellary","City Gold Earing",\N,\N,\N,"470","940","1"
"0000201","City Gold Earing","juwellary","Earing",\N,\N,\N,"80","220","1"
"0000203","City Gold Earing","juwellary","Earing",\N,\N,\N,"138","290","1"
"0000202","City Gold Earing","juwellary","City Gold Earing",\N,\N,\N,"100","150","1"
"0000564","City Gold Earing","juwellary","City Gold Earing",\N,\N,\N,"117","270","1"
"0001838","City Gold Earing","juwellary","City Gold Earing",\N,\N,\N,"470","940","1"
"0001845","City Gold Earing","juwellary","City Gold Earing",\N,\N,\N,"600","960","1"
"0001747","City Gold Earing","juwellary","City Gold Earing",\N,\N,\N,"600","930","2"
"0001753","City Gold Earing","juwellary","City Gold Earing",\N,\N,\N,"180","324","2"
"0001754","City Gold Earing","juwellary","City Gold Earing",\N,\N,\N,"400","620","2"
"0001757","City Gold Earing","juwellary","City Gold Earing",\N,\N,\N,"210","336","2"
"0001828","Diamond Cut Earing","juwellary","City Gold Earing",\N,\N,\N,"140","250","1"
"0000213","Man Ring","juwellary","Parshwa Bracelate",\N,\N,\N,"40","150","1"
"0000220","Hijab Pin","juwellary","Hijab Clip",\N,\N,\N,"5","6","6"
"0001837","City Gold Ring","juwellary","Necklace",\N,\N,\N,"60","180","2"
"0000227","City Gold Ring","juwellary","City Gold Ring",\N,\N,\N,"60","105","10"
"0000232","Hair Stick","juwellary","Hair Stick",\N,\N,\N,"10","20","6"
"0000233","Noise Noth","juwellary","Noise Noth",\N,\N,\N,"70","154","2"
"0000546","Noise Noth","juwellary","Noise Noth",\N,\N,\N,"75","135","4"
"0000547","Noise Noth","juwellary","Noise Noth",\N,\N,\N,"110","176","2"
"0000548","Hair Taj","juwellary","Noise Noth",\N,\N,\N,"135","216","2"
"0000634","Noise Noth","juwellary","Noise Noth",\N,\N,\N,"150","270","5"
"0002722","Noise Noth","juwellary","Noise Noth",\N,\N,\N,"50","100","1"
"0002723","Noise Noth","juwellary","Noise Noth",\N,\N,\N,"90","180","1"
"0002724","Noise Noth","juwellary","Noise Noth",\N,\N,\N,"150","285","1"
"0002725","Noise Noth","juwellary","Noise Noth",\N,\N,\N,"310","550","1"
"0000244","Hair Stone Taj","juwellary","Hair Stone Taj",\N,\N,\N,"125","200","4"
"0000250","Ladies Bracelate","juwellary","Bracelate",\N,\N,\N,"60","90","2"
"0000616","City Gold Bracelate","juwellary","Bracelate",\N,\N,\N,"500","750","1"
"0000635","City Gold Bracelate","juwellary","Bracelate",\N,\N,\N,"300","480","6"
"0001804","Kta","juwellary","Pin Hair Clip",\N,\N,\N,"10","20","1"
"0000255","Hair Band","juwellary","Hair Band",\N,\N,\N,"60","90","2"
"0000257","Hair Band","juwellary","Hair Band",\N,\N,\N,"130","195","2"
"0000258","Diamond Ring","juwellary","Diamond Ring",\N,\N,\N,"38","76","10"
"0001819","Daymon Ring","juwellary","Diamond Ring",\N,\N,\N,"60","150","1"
"0001820","Damond Ring","juwellary","Diamond Ring",\N,\N,\N,"100","250","1"
"0000192","Ring","juwellary","Ring",\N,\N,\N,"125","375","1"
"0000259","Ladies Ring","juwellary","Ring",\N,\N,\N,"80","200","10"
"0000629","City Gold Ring","juwellary","Ring",\N,\N,\N,"200","280","1"
"0000630","City Gold Ring","juwellary","Ring",\N,\N,\N,"100","220","1"
"0000631","City Gold Ring","juwellary","Ring",\N,\N,\N,"80","240","1"
"0000632","City Gold Ring","juwellary","Ring",\N,\N,\N,"150","280","6"
"0000633","City Gold Ring","juwellary","Ring",\N,\N,\N,"110","385","1"
"0001806","Kanyr Dol","juwellary","Ring",\N,\N,\N,"110","265.1","1"
"0001808","City Gold Ring","juwellary","Ring",\N,\N,\N,"150","360","1"
"0001809","City Gold Ring","juwellary","Ring",\N,\N,\N,"150","300","1"
"0001810","Kanyr Dol","juwellary","Ring",\N,\N,\N,"50","150","1"
"0001812","Gold Ring","juwellary","Ring",\N,\N,\N,"120","300","1"
"0001813","City Gold Ring","juwellary","Ring",\N,\N,\N,"180","325","1"
"0001821","Diamond Ring","juwellary","Ring",\N,\N,\N,"180","360","1"
"0001823","Daymon Ring","juwellary","Ring",\N,\N,\N,"220","550","1"
"0001832","City Gold Ring","juwellary","Ring",\N,\N,\N,"50","150","3"
"0001833","City Gold Ring","juwellary","Ring",\N,\N,\N,"120","240","2"
"0001893","Damond Ring","juwellary","Ring",\N,\N,\N,"50","100","1"
"0001894","City Gold Ring","juwellary","Ring",\N,\N,\N,"60","240","2"
"0000260","Ever Beauty Mascara","Make Up","Ever Beauty Mascara",\N,\N,\N,"150","225","2"
"0000261","Ladies Purse","Ladies Purse","Purse",\N,\N,\N,"220","330","2"
"0000523","Ladies Purse","Ladies Purse","Purse",\N,\N,\N,"115","218.5","2"
"0000262","Susen Purse","Ladies Purse","Susen Purse",\N,\N,\N,"1500","2250","1"
"0000265","Ladies Purse","cosmetics","Ladies Purse",\N,\N,\N,"770","1450","1"
"0000268","Ladies Purse","cosmetics","Ladies Purse",\N,\N,\N,"850","1275","1"
"0000264","Ladies Purse","cosmetics","Purse",\N,\N,\N,"1300","1950","1"
"0000266","Ladies Purse","cosmetics","Purse",\N,\N,\N,"1100","1650","1"
"0000267","Ladies Purse","cosmetics","Ladies Purse",\N,\N,\N,"580","1100","1"
"0000275","Ladies Purse","cosmetics","Ladies Purse",\N,\N,\N,"120","198","1"
"0000276","Ladies Purse","cosmetics","Ladies Purse",\N,\N,\N,"115","189.75","1"
"0000271","Ladies Purse","cosmetics","Ladies Purse",\N,\N,\N,"115","184","1"
"0000273","Ladies Purse","cosmetics","Ladies Purse",\N,\N,\N,"530","1060","1"
"0000948","Fancy Purse","cosmetics","Ladies Purse",\N,\N,\N,"550","825","2"
"0000949","Fancy Purse","cosmetics","Ladies Purse",\N,\N,\N,"1200","1800","1"
"0000950","Ladies Purse","cosmetics","Ladies Purse",\N,\N,\N,"1100","1650","2"
"0000952","Ladies Purse","cosmetics","Ladies Purse",\N,\N,\N,"950","1425","1"
"0000951","Ladies Purse","cosmetics","Ladies Bag",\N,\N,\N,"1050","1575","1"
"0000274","Ladies Purse","cosmetics","Ladies Bag",\N,\N,\N,"120","198","1"
"0000955","Fancy Purse","cosmetics","Ladies Purse",\N,\N,\N,"650","1300","1"
"0000277","Wedding Pagri","Wedding Accessories","Pagri",\N,\N,\N,"280","504","1"
"0000279","Wedding Pagri","Wedding Accessories","Pagri",\N,\N,\N,"220","396","1"
"0000280","Wedding Pagri","Wedding Accessories","Pagri",\N,\N,\N,"150","375","1"
"0000281","Wedding Pagri","Wedding Accessories","Pagri",\N,\N,\N,"300","510","1"
"0000282","Wedding Pagri","Wedding Accessories","Pagri",\N,\N,\N,"280","560","1"
"0000283","Wedding Pagri","Wedding Accessories","Pagri",\N,\N,\N,"400","680","1"
"0001628","Wedding Pagri","Wedding Accessories","Pagri",\N,\N,\N,"360","576","2"
"0001629","Wedding Pagri","Wedding Accessories","Pagri",\N,\N,\N,"250","500","1"
"0001630","Wedding Pagri","Wedding Accessories","Pagri",\N,\N,\N,"270","432","2"
"0001631","Wedding Pagri","Wedding Accessories","Pagri",\N,\N,\N,"250","450","1"
"0001632","Wedding Pagri","Wedding Accessories","Pagri",\N,\N,\N,"360","600.02","1"
"0002196","Wedding Pagri","Wedding Accessories","Pagri",\N,\N,\N,"350","700","1"
"0002198","Wedding Pagri","Wedding Accessories","Pagri",\N,\N,\N,"160","320","1"
"0002199","Wedding Pagri","Wedding Accessories","Pagri",\N,\N,\N,"190","380","1"
"0002200","Wedding Pagri","Wedding Accessories","Pagri",\N,\N,\N,"260","520","1"
"0002201","Wedding Pagri","Wedding Accessories","Pagri",\N,\N,\N,"250","475","1"
"0000284","Wedding Pagri","Wedding Accessories","Pagri",\N,\N,\N,"450","765","1"
"0000399","Pagri","Wedding Accessories","Pagri",\N,\N,\N,"220","485","1"
"0000403","Pagri","Wedding Accessories","Pagri",\N,\N,\N,"210","380","1"
"0001974","Pagri","Wedding Accessories","Pagri",\N,\N,\N,"300","600","1"
"0002197","Wedding Pagri","Wedding Accessories","Pagri",\N,\N,\N,"420","760","1"
"0000958","Rakhi","Wedding Accessories","Rakhi",\N,\N,\N,"65","200","2"
"0000959","Rakhi","Wedding Accessories","Rakhi",\N,\N,\N,"100","150","2"
"0001177","Rakhi Jumka","Wedding Accessories","Rakhi",\N,\N,\N,"64","200","3"
"0001934","Rakhi","Wedding Accessories","Rakhi",\N,\N,\N,"40","100","2"
"0002716","Rakhi","Wedding Accessories","Rakhi",\N,\N,\N,"47","95","1"
"0002717","Rakhi","Wedding Accessories","Rakhi",\N,\N,\N,"58","100","1"
"0000285","Gohona Set","Wedding Accessories","Gohona",\N,\N,\N,"227","385.9","1"
"0001641","Gohna Set","Wedding Accessories","Gohona",\N,\N,\N,"260","455","1"
"6291012829022","Forever","Body Spray","Forever",\N,\N,\N,"105","150.15","2"
"3562700361005","Jaguar Perfume","perfume","Jaguar",\N,\N,\N,"1070","1449.85","1"
"3014230021404","Brut Body Spray","Body Spray","Brut",\N,\N,\N,"160","240","1"
"6291100179466","Active Man Perfume","perfume","Active Man",\N,\N,\N,"550","935","1"
"9556311226598","Diamond Brush ","Toothbrush","Diamond Brush",\N,\N,\N,"85","140","2"
"5013965825804","Camay Soap","SHOAP","Camay Shoap",\N,\N,\N,"80","108","1"
"8851932273916","Sunsilk 650 ml","shampoo","Sunsilk",\N,\N,\N,"480","720","1"
"0000295","Bruce Lee Body Spray","Body Spray","Bruce Lee Bar",\N,\N,\N,"180","270","2"
"4005808300280","Nivea Men Roll","Dedorant Roll","Nivea",\N,\N,\N,"120","160","2"
"8901177101014","Moov","CREAM","Moov",\N,\N,\N,"155","255","1"
"0002214","Moov M","CREAM","Moov",\N,\N,\N,"84","126","2"
"8901177100352","Moov Spray","CREAM","Moov",\N,\N,\N,"125","175","1"
"0000298","Yardley Powder","powder","Yardley",\N,\N,\N,"265","349.8","1"
"0000299","Air Freshner","Room Spray","Air Freshner",\N,\N,\N,"130","200.2","2"
"6291012841093","Forever Perfume Men","perfume","Forever",\N,\N,\N,"135","280.13","2"
"6281006437548","Dove 700 ml","shampoo","Dove",\N,\N,\N,"500","750","2"
"8718114621371","Dove Shampoo","shampoo","Dove",\N,\N,\N,"165","250","1"
"0000830","Dove 375ml","shampoo","Dove",\N,\N,\N,"275","385","2"
"8941100650226","Dove Shampoo","shampoo","Dove",\N,\N,\N,"275","320.1","4"
"8851932227544","Dove Shampoo","shampoo","Dove",\N,\N,\N,"410","575","1"
"8851932227872","Dove Shampoo","shampoo","Dove",\N,\N,\N,"410","575","1"
"8851932351188","Dove Shampoo","shampoo","Dove",\N,\N,\N,"410","575","1"
"8851932275163","Dove Shampoo 700ml","shampoo","Dove",\N,\N,\N,"590","885","1"
"8851932227704","Dove Shampoo 700ml","shampoo","Dove",\N,\N,\N,"540","740","1"
"4902806008036","Gatsbty Hair Spray","Hair Spray","Gatsby",\N,\N,\N,"250","375","1"
"0000304","Moon Drob","perfume","Moon Drob",\N,\N,\N,"450","672","2"
"0000305","Blu Drop","perfume","Blu Drop",\N,\N,\N,"450","765","1"
"6281031091241","Fa Aqua","SHOAP","Fa",\N,\N,\N,"82","130.06","2"
"715387003017","hot cold","perfume","hot cold",\N,\N,\N,"580","754","1"
"8901088062497","Set Wet Hair Gel","hair gel","hair  gel",\N,\N,\N,"85","170","1"
"8901088062503","Set Wet Hair Gel","hair gel","hair  gel",\N,\N,\N,"85","170","1"
"8901088062480","Set Wet Hair Gel","hair gel","hair  gel",\N,\N,\N,"85","170","1"
"5414666002257","Everyone Perfume","perfume","perfume ",\N,\N,\N,"400","860","1"
"3355991002074","Bogart","perfume","perfume ",\N,\N,\N,"820","1100.45","1"
"6295124001888","Black Car","perfume","perfume ",\N,\N,\N,"250","550","2"
"6291100630196","One for men","perfume","perfume ",\N,\N,\N,"180","350.1","2"
"6291100630202","Dark Zone","perfume","perfume ",\N,\N,\N,"180","400.14","2"
"4005900332950","Nivea","perfume","perfume ",\N,\N,\N,"260","350","2"
"8908001158589","Fogg Perfume","perfume","perfume ",\N,\N,\N,"280","395","2"
"088021511125","Cute Perfume","perfume","perfume ",\N,\N,\N,"165","199.65","2"
"0000943","Cute Perfume Purple","perfume","perfume ",\N,\N,\N,"190","225","2"
"6291012841840","Forever Perfume Women","perfume","perfume ",\N,\N,\N,"135","540","1"
"3252550115025","Open Roger & Gallet","perfume","perfume ",\N,\N,\N,"860","1290","1"
"752590090342","Eternal Love Perfume","perfume","perfume ",\N,\N,\N,"920","1220","1"
"5414666002288","Pure Black Perfume","perfume","perfume ",\N,\N,\N,"400","680","1"
"614514480137","Blue for Men","perfume","perfume ",\N,\N,\N,"500","700","1"
"3610400000301","DO IT Scent","perfume","perfume ",\N,\N,\N,"340","510","1"
"3610400000332","El paso Perfume","perfume","perfume ",\N,\N,\N,"280","560","1"
"037361000288","Game Of Paris","perfume","perfume ",\N,\N,\N,"175","300.13","1"
"3326240000066","Jasmin perfume","perfume","perfume ",\N,\N,\N,"430","645","1"
"6291100630189","Cold Sky Perfume","perfume","perfume ",\N,\N,\N,"180","900","1"
"3442151006291","Incidence Perfume","perfume","perfume ",\N,\N,\N,"590","945.01","1"
"752590033349","Eternal Love Perfume","perfume","perfume ",\N,\N,\N,"920","1295","1"
"8903105011471","Aramusk Classic Perfume","perfume","perfume ",\N,\N,\N,"280","350","1"
"8903105011488","Aramusk Sport Perfume","perfume","perfume ",\N,\N,\N,"280","350","1"
"8903105011464","Aramusk Musk Perfume","perfume","perfume ",\N,\N,\N,"280","350","1"
"6295124024726","Disguise Women Perfume","perfume","perfume ",\N,\N,\N,"480","750","1"
"6295124024672","Disguise Women Perfume","perfume","perfume ",\N,\N,\N,"480","750","1"
"6295124024610","Disguise Men Perfume","perfume","perfume ",\N,\N,\N,"480","750","1"
"715387780321","Benetton Sport","perfume","perfume ",\N,\N,\N,"900","1260","1"
"752590041047","Royal Mirage","perfume","perfume ",\N,\N,\N,"640","960","1"
"8903105001144","Yardley Body Perfume","perfume","perfume ",\N,\N,\N,"350","525","1"
"8903105001168","Yardley Body Perfume","perfume","perfume ",\N,\N,\N,"350","525","1"
"752590043348","Eternal Love","perfume","perfume ",\N,\N,\N,"895","1295","1"
"8712561249140","AXE Body Spray","Body Spray","bodyspray",\N,\N,\N,"150","240","1"
"8712561251617","AXE Body Spray","Body Spray","bodyspray",\N,\N,\N,"150","240","1"
"8906055790328","Layer Shot","Body Spray","bodyspray",\N,\N,\N,"240","330","1"
"0000665","Jhonson Baby Powder","powder","johnsons powder",\N,\N,\N,"70","175","1"
"0000667","Jhnosons Powder","powder","johnsons powder",\N,\N,\N,"162.5","325","1"
"8901012111031","Jhonson Baby Powder 200g","powder","johnsons powder",\N,\N,\N,"140","196","2"
"8850007011132","Johnsons Baby Powder 100g","powder","johnsons powder",\N,\N,\N,"80","120","1"
"6944348508368","Amani Code Ladies Perfume","perfume","AMANI CODE",\N,\N,\N,"2800","3360","1"
"8694402008072","Doriva Magic","Chocolate","Doriva Magic",\N,\N,\N,"680","884","1"
"8692806047277","Simsek Roys","Chocolate","Simsek Roys",\N,\N,\N,"680","986","1"
"00005491","Tayas Orient","Chocolate","Tayas Orient",\N,\N,\N,"680","884","1"
"00007319","Tayas Orient","Chocolate","Tayas Orient",\N,\N,\N,"380","494","1"
"0000336","Simsek Roxy","Chocolate","Simsek Roxy",\N,\N,\N,"480","696","1"
"8690997117281","Tayas Love","Chocolate","Tayas Love",\N,\N,\N,"350","450",\N
"8992696415409","Fox's","Chocolate","Foxs",\N,\N,\N,"165","215","1"
"8992696418509","Fox's","Chocolate","Foxs",\N,\N,\N,"165","215","1"
"8992696418912","Fox's","Chocolate","Foxs",\N,\N,\N,"145","180.1","1"
"4897033225779","Ginnon","Chocolate","Ginnon",\N,\N,\N,"190","266",\N
"8901030376078","Ponds Age Miracle Day Cream","CREAM","Ponds Age Miracle",\N,\N,\N,"640","980.48","2"
"8901030376085","Age Miracle Night Cream","CREAM","Ponds Age Miracle",\N,\N,\N,"720","1050.48","2"
"8901030377488","Age Miracle Day Cream S","CREAM","Ponds Age Miracle S",\N,\N,\N,"130","208","2"
"8901248103176","Boro + Ice Cool","powder","Boro+",\N,\N,\N,"95","152","2"
"8901314118219","Colgate 360","Toothbrush","Colgate 360",\N,\N,\N,"85","136","2"
"8901030437069","Fair & Lovely Men","Fairness Cream","Fair & Lovely Men",\N,\N,\N,"148","200.1","2"
"8901248253116","Fair And Handsome","Fairness Cream","Fair And Handsome",\N,\N,\N,"195","250","2"
"8901248295048","Fair And Handsome","Facewash","Fair And Handsome",\N,\N,\N,"165","200.15","2"
"8901207019012","Dabur Amla Hair Oil","Hair Oil","Amla Hair Oil",\N,\N,\N,"245","370.2","1"
"5022496103008","Dabur Amla","Hair Oil","Amla Hair Oil",\N,\N,\N,"320","480","2"
"8901396352501","Veet Hair 60g","Hair Removal Cream","Veet M",\N,\N,\N,"162","210","2"
"8901396351801","Veet Small","Hair Removal Cream","Veet M",\N,\N,\N,"70","90","1"
"8901396321606","Veet Hair Removal Cream","Hair Removal Cream","Veet M",\N,\N,\N,"160","185","1"
"8901396351504","Veet Hair Removal S","Hair Removal Cream","Veet M",\N,\N,\N,"70","90","1"
"8901396351207","Veet Hair Removal S","Hair Removal Cream","Veet M",\N,\N,\N,"75","90","1"
"8901725959104","Engage Women","perfume","ENGAGE WOMEN",\N,\N,\N,"220","375","2"
"8901207096662","Dabur Vatika Oil 300 ml","Hair Oil","Dabur Vatika",\N,\N,\N,"245","385","1"
"0003025","Dabur Vatika 150 ml","Hair Oil","Dabur Vatika",\N,\N,\N,"140","180","1"
"0000354","Loreal Paris","shampoo","Loreal Paris",\N,\N,\N,"230","360.18","1"
"8901030583612","Lakme CC","CREAM","Lakme CC ",\N,\N,\N,"315","440","1"
"8901030504129","Lakme Sun Lotion","CREAM","Lakme CC ",\N,\N,\N,"215","322.5","2"
"8901030583629","Lakme CC Cream","CREAM","Lakme CC ",\N,\N,\N,"315","535","1"
"8906015580273","Kaveri Mehendi","MEHENDI","Kaveri ",\N,\N,\N,"13","40.17","6"
"8906015580266","Kaveri kon Mehendi","MEHENDI","Kaveri ",\N,\N,\N,"10","28","2"
"2399991858812","Asli Mahi Tube Mehendi","MEHENDI","Asli Mahi",\N,\N,\N,"17","56.1","4"
"2388881858827","Asli Mahi Cone Mehendi","MEHENDI","Asli Mahi Cone ",\N,\N,\N,"19","68.4","6"
"0000360","Anmol Kali Powder Mehendi","MEHENDI","Anmol Kali ",\N,\N,\N,"35","50","2"
"8901030323850","Ponds Sandal powder s","powder","Ponds sandal",\N,\N,\N,"120","185","1"
"8901030541902","Clinic Plus 650 ml","shampoo","Clinic Plus B",\N,\N,\N,"580","800","1"
"8420086722245","Max Touch 2224","Make Up","Max Touch 2224",\N,\N,\N,"1150","1890","1"
"8420086722238","Max Touch 2223","Make Up","Max Touch 2223",\N,\N,\N,"2500","4250","1"
"6903072268429","Kiss Beauty Prime Water","Make Up","Kiss Beauty Prime",\N,\N,\N,"250","375","1"
"0000367","Kiss Beauty Prime","Make Up","Kiss Beauty Prime",\N,\N,\N,"180","270","1"
"6903072267767","Kiss Beauty Green Tea","Make Up","Kiss Beauty Green Tea",\N,\N,\N,"250","375","1"
"6903072270026","Kiss Beauty Fix Spray","Make Up","Kiss Beauty Fix",\N,\N,\N,"280","420","1"
"00001827","matte Lipgloss","Make Up","Top Lady Lipstick",\N,\N,\N,"25","70","6"
"6903072248131","Kiss Beauty Lipstick","Make Up","Kiss Beauty Lipstick",\N,\N,\N,"50","150","4"
"6903072268672","Kiss Beauty Contour","Make Up","Kiss Beauty Contour",\N,\N,\N,"250","375","1"
"6903072268320","Kiss Beauty Contour 9568","Make Up","Kiss Beauty Contour 9568",\N,\N,\N,"350","525","1"
"0000373","3 - Way Mirror Aina","Mirrior","3 - Way",\N,\N,\N,"340","480","2"
"6900040283088","Cosmetic Mirror Aina","Mirrior","Cosmetic Mirror",\N,\N,\N,"340","525","2"
"0000957","Cosmetic Mirror Aina","Mirrior","Cosmetic Mirror",\N,\N,\N,"65","117","4"
"6937519455097","Shuhuhao Hair Comb","Hair Comb","Shuhuhao Comb",\N,\N,\N,"20","30","2"
"0000376","Hair Comb","Hair Comb","Aisu Comb",\N,\N,\N,"20","30","2"
"0000377","Fashion Comb","Hair Comb","Fashion Comb",\N,\N,\N,"15","28",\N
"0002251","Darpun Cpmb","Hair Comb","Fashion Comb",\N,\N,\N,"14","45","1"
"6951694900395","aOBO Comb","Hair Comb","Fashion Comb",\N,\N,\N,"17","35","1"
"6948832900133","China Comb","Hair Comb","China Comb",\N,\N,\N,"15","35","4"
"6949846903202","China Comb","Hair Comb","China Comb",\N,\N,\N,"15","45","1"
"6948832900584","China Comb","Hair Comb","China Comb",\N,\N,\N,"18","36","1"
"6947727073280","Hair Comb","Hair Comb","China Comb",\N,\N,\N,"23","45","1"
"8557527801563","Osaga Comb S","Hair Comb","China Comb",\N,\N,\N,"120","200","1"
"0002892","Osaga Comb M","Hair Comb","China Comb",\N,\N,\N,"150","300","1"
"6949279100018","China Hair Comb","Hair Comb","China Comb",\N,\N,\N,"7","35","4"
"8557527820052","Bohua Comb 5in1","Hair Comb","Bohua Comb",\N,\N,\N,"270","540","1"
"8557527820359","Bohua Combo 3in1","Hair Comb","Bohua Comb",\N,\N,\N,"170","250","1"
"8557527820038","Bohua Comb 3in1","Hair Comb","Bohua Comb S",\N,\N,\N,"180","250","2"
"6926292527725","Omuda Nail Clipper","Nail Clipper","Omuda 3001 - 31",\N,\N,\N,"90","160.2","2"
"6944068332458","Make Up Brush","Make Up","Make Up Brush",\N,\N,\N,"90","200","2"
"0002508","Mac Make Up Brush","Make Up","Make Up Brush",\N,\N,\N,"150","360","1"
"3592495659605","Kylin Make up brush","Make Up","Make Up Brush",\N,\N,\N,"150","270","1"
"0002519","Mac Make Up Brush set","Make Up","Make Up Brush",\N,\N,\N,"100","250","1"
"6944068336418","Make Up Brush","Make Up","Make Up Brush",\N,\N,\N,"100","220","1"
"6952177326541","Mack Up Brush","Make Up","Make Up Brush",\N,\N,\N,"280","560","1"
"8941100617427","Lifeboy Handwash","Handwash","Lifebuoy",\N,\N,\N,"65","70.2","2"
"6281006479647","Lux Soap 170 G","SHOAP","LUX 170 G",\N,\N,\N,"85","120","1"
"8413971000917","Spanish Olive Oil 150 g","Olive Oil","Olive Oil",\N,\N,\N,"240","360","1"
"8412253001017","Spanish Olive Oil 250ml","Olive Oil","Olive Oil",\N,\N,\N,"225","300.38","2"
"8412253001024","Spanish Olive Oil 500ml","Olive Oil","Olive Oil",\N,\N,\N,"390","546","2"
"8413971000924","Spanish Olive Oil 300g","Olive Oil","Olive Oil",\N,\N,\N,"335","435.5","1"
"8944000329025","Lucy Oliva","Olive Oil","Olive Oil",\N,\N,\N,"270","378","1"
"8944000329018","Lucy Oliva S","Olive Oil","Olive Oil",\N,\N,\N,"210","295","1"
"8410269241168","Span Oliva Oil","Olive Oil","Olive Oil",\N,\N,\N,"180","250.2","1"
"8410269241359","Span Oliva Oil","Olive Oil","Olive Oil",\N,\N,\N,"140","181","1"
"8007150905317","Olitaliya Oil 250 ml","Olive Oil","Olitaliya Oil",\N,\N,\N,"275","360","1"
"8944000329049","Lucy Oliva Oil 500 ml","Olive Oil","Lucy Oliva",\N,\N,\N,"430","578.35","1"
"8944000329032","Lucy OliveOil 300g","Olive Oil","Lucy Oliva",\N,\N,\N,"330","462","1"
"816903002399","Savlon Handwash 1000 ml","Handwash","Savlon",\N,\N,\N,"175","210","2"
"9452013145406","Snow Spray","Party Spray","Snow Spray",\N,\N,\N,"100","150","1"
"6928869801122","Jari Spray","Party Spray","Jari Spray",\N,\N,\N,"90","135","2"
"6932004400248","Suta Spray","Party Spray","Suta Spray",\N,\N,\N,"50","90","2"
"9501034773553","Chiko Milk","Chocolate","Chiko Milk",\N,\N,\N,"200","280","2"
"0000395","Love Candy","Chocolate","Love Candy",\N,\N,\N,"50","60","2"
"8996001320136","Kopiko Coffee","Chocolate","Kopiko Coffee",\N,\N,\N,"90","125","2"
"8997878332833","Chocolate Milk Candy","Chocolate","Milkita",\N,\N,\N,"95","114","2"
"9556138000975","Rinida Coffee","Chocolate","Rinida Coffee",\N,\N,\N,"100","120","2"
"0002126","Fish Cut Dala S","Wedding Accessories","Dala",\N,\N,\N,"200","500","1"
"0000402","Dala","Wedding Accessories","Dala",\N,\N,\N,"600","1320","1"
"0000278","Kula","Wedding Accessories","Kula",\N,\N,\N,"650","1400","1"
"0000401","Kula","Wedding Accessories","Kula",\N,\N,\N,"180","380","1"
"0000405","Kula","Wedding Accessories","Kula",\N,\N,\N,"700","1400","1"
"0000406","Kula","Wedding Accessories","Kula",\N,\N,\N,"120","290","1"
"0001237","Kula ","Wedding Accessories","Kula",\N,\N,\N,"500","1000","1"
"0001711","Kula","Wedding Accessories","Kula",\N,\N,\N,"220","440","1"
"0001712","Kula","Wedding Accessories","Kula",\N,\N,\N,"1400","2100","1"
"0001973","Kula","Wedding Accessories","Kula",\N,\N,\N,"150","300","1"
"0002465","Designer Kula","Wedding Accessories","Kula",\N,\N,\N,"900","1620","1"
"0002616","Designer Kula set","Wedding Accessories","Kula",\N,\N,\N,"200","500","1"
"0002626","Designer Kula","Wedding Accessories","Kula",\N,\N,\N,"550","1170","1"
"0002708","Kula","Wedding Accessories","Kula",\N,\N,\N,"220","495","1"
"0002709","Kula","Wedding Accessories","Kula",\N,\N,\N,"250","560","1"
"0002710","Designer Kula","Wedding Accessories","Kula",\N,\N,\N,"800","1680","1"
"0002711","Designer Kula","Wedding Accessories","Kula",\N,\N,\N,"800","1560","1"
"0002712","Designer Kula ","Wedding Accessories","Kula",\N,\N,\N,"880","1760","1"
"0000407","Dala","Wedding Accessories","Dala",\N,\N,\N,"900","1650","1"
"0000408","Dala","Wedding Accessories","Dala",\N,\N,\N,"600","1170","1"
"0000409","Jhuri","Wedding Accessories","Dala",\N,\N,\N,"225","495","1"
"0000410","Dala","Wedding Accessories","Dala",\N,\N,\N,"200","500","1"
"0000411","Dala","Wedding Accessories","Dala",\N,\N,\N,"600","1260","1"
"0000412","Dala","Wedding Accessories","Dala",\N,\N,\N,"700","1300","1"
"0000413","Dala","Wedding Accessories","Dala",\N,\N,\N,"450","1050","1"
"0000414","Dala","Wedding Accessories","Dala",\N,\N,\N,"500","950","1"
"0000415","Dala","Wedding Accessories","Dala",\N,\N,\N,"500","1000","1"
"0000416","Dala","Wedding Accessories","Dala",\N,\N,\N,"650","650","1"
"0000417","Stone Ring","City Gold Ring","Stone Ring",\N,\N,\N,"51","75.99","6"
"0002001","PATY","Wedding Accessories","PATY",\N,\N,\N,"90","180","2"
"0002002","PATY","Wedding Accessories","PATY",\N,\N,\N,"160","300","1"
"0002003","PATY","Wedding Accessories","PATY",\N,\N,\N,"75","150","1"
"0002004","PATY","Wedding Accessories","PATY",\N,\N,\N,"60","120","1"
"6938331903414","Tip top Cutter","cosmetics","cutter",\N,\N,\N,"3","10.02","4"
"0000438","XR Roll Tank","Toy","Roll Tank",\N,\N,\N,"120","210","1"
"0000448","Bicycle Hs2688B","Toy","Bicycle",\N,\N,\N,"300","480","1"
"0000453","Gucci Wallet","Wallet","Gucci",\N,\N,\N,"450","630","1"
"0000454","Fuerdanni Wallet","Wallet","Fuerdanni",\N,\N,\N,"380","513","1"
"0000459","Fuerdanni Wallet","Wallet","Fuerdanni",\N,\N,\N,"350","490","1"
"0000455","Alfred Dunhill Wallet","Wallet","Dunhill",\N,\N,\N,"180","252","1"
"0000456","YSL Wallet","Wallet","YSL Wallet",\N,\N,\N,"220","308","1"
"0000457","Valentino Wallet","Wallet","Valentino",\N,\N,\N,"240","360","1"
"0000458","Bogesi Wallet","Wallet","Bogesi",\N,\N,\N,"350","525","1"
"0000460","Genuine Leather","Wallet","Genuine Leather",\N,\N,\N,"140","210","1"
"0000461","Nike Wallet","Wallet","Nike",\N,\N,\N,"130","195","1"
"0000462","Weichen Wallet","Wallet","WEICHEN",\N,\N,\N,"330","462","1"
"0000463","Magic Cake","Show Piece","Magic Cake",\N,\N,\N,"250","375","1"
"0000465","LED Pineapple lamp","Show Piece","LED LAMP",\N,\N,\N,"420","630","1"
"0000652","LED Lamp","Show Piece","LED LAMP",\N,\N,\N,"300","450","1"
"0000464","Table Clock","Show Piece","Table Clock",\N,\N,\N,"300","450","1"
"0000466","Birthday Box","Show Piece","Birthday Box",\N,\N,\N,"70","140","1"
"0000654","Birthday Box","Show Piece","Birthday Box",\N,\N,\N,"80","120","1"
"0000467","Fancy Vase","Show Piece","Fancy Vase",\N,\N,\N,"200","340","1"
"0000650","Fancy Vase","Show Piece","Fancy Vase",\N,\N,\N,"250","375","1"
"0000651","Fancy Vase","Show Piece","Fancy Vase",\N,\N,\N,"240","360","1"
"0000653","Fancy Vase","Show Piece","Fancy Vase",\N,\N,\N,"150","225","1"
"0000468","Glass Vase","Show Piece","Glass Vase",\N,\N,\N,"130","195","1"
"0000469","Pen Holder Paper Weight","Show Piece","Pen Holder",\N,\N,\N,"120","174","1"
"0000470","Pen Holder Paper Weight","Show Piece","Pen Holder",\N,\N,\N,"150","210","1"
"0000472","Pen Holder Paper Weight B","Show Piece","Pen Holder B",\N,\N,\N,"140","196","1"
"0000471","Pen Holder Paper Weight M","Show Piece","Pen Holder M",\N,\N,\N,"120","174","1"
"0000473","Piramid Show Piece","Show Piece","Piramid Show Piece",\N,\N,\N,"120","199.7","1"
"0000474","Paper Weight","Show Piece","Paper Weight",\N,\N,\N,"150","210","1"
"0000475","Art Clock","Show Piece","Art Clock",\N,\N,\N,"160","224","1"
"0000476","Apple Clock","Show Piece","Apple Clock",\N,\N,\N,"120","168","1"
"0000477","Ceramics Vase","Show Piece","Ceramics Vase",\N,\N,\N,"90","162","1"
"0000478","Love Diary","Diary","Love Diary",\N,\N,\N,"130","195","1"
"0000479","Lock Diary 810052","Diary","Lock Diary B",\N,\N,\N,"65","105","1"
"0000480","Lock Diary ","Diary","Lock Diary M",\N,\N,\N,"110","175","1"
"0000481","Lock Diary","Diary","Lock Diary S",\N,\N,\N,"75","120","1"
"0000482","Love Diary 1204","Diary","Love Diary 1204",\N,\N,\N,"80","120","1"
"0000483","Diary","Diary","Diary",\N,\N,\N,"85","119","1"
"0000484","Diary","Diary","Diary",\N,\N,\N,"75","105","1"
"0000485","Music Romantic","Show Piece","Music Romantic",\N,\N,\N,"240","336","1"
"0000486","Love Pen Holder","Show Piece","Love Pen Holder",\N,\N,\N,"150","210","1"
"0000491","Dala","Wedding Accessories","Dala",\N,\N,\N,"400","855","1"
"0001779","Dala","Wedding Accessories","Dala",\N,\N,\N,"600","1260","1"
"0000160","La Femme Super Mate Lipliner","Make Up","La Femme Lipliner",\N,\N,\N,"35","70","6"
"0000492","Small Vase","Show Piece","Small Vase",\N,\N,\N,"220","330","1"
"0000493","Arabic Show Piece","Show Piece","Arabic ",\N,\N,\N,"80","120","1"
"0000494","Decor Vase","Show Piece","Decor Vase",\N,\N,\N,"150","270","1"
"0001666","klip","fita","fita",\N,\N,\N,"20","27",\N
"0000498","Dala","Wedding Accessories","Dala",\N,\N,\N,"550","1100","1"
"0000499","Dala","Wedding Accessories","Dala",\N,\N,\N,"400","800","1"
"0000500","Dala","Wedding Accessories","Dala",\N,\N,\N,"450","1100","1"
"0000501","Dala","Wedding Accessories","Dala",\N,\N,\N,"400","1060","1"
"0000404","Dala","Wedding Accessories","Dala",\N,\N,\N,"700","1330","1"
"0000502","Dala","Wedding Accessories","Dala",\N,\N,\N,"350","525","1"
"0000503","Dala","Wedding Accessories","Dala",\N,\N,\N,"450","1260","1"
"0000504","Dala","Wedding Accessories","Dala",\N,\N,\N,"100","185","1"
"0000505","Dala","Wedding Accessories","Dala",\N,\N,\N,"300","450","1"
"0000506","Dala","Wedding Accessories","Dala",\N,\N,\N,"200","300","1"
"0000507","Dala","Wedding Accessories","Dala",\N,\N,\N,"100","185","1"
"0000508","Deli Scissors 6034","cutter","Scissors",\N,\N,\N,"38","57","2"
"0000728","Pakistani Scissors","cutter","Scissors",\N,\N,\N,"32","41.6","4"
"0000729","Flower Rose Scissors","cutter","Scissors",\N,\N,\N,"10","15","4"
"6921734960566","Deli Scissors 6056","cutter","Scissors 6056",\N,\N,\N,"46","69","2"
"6921734960146","Deli Scissors 6014","cutter","Scissors 6014",\N,\N,\N,"58","120","2"
"6921734960092","Deli Scissors 6009","cutter","Scissors 6009",\N,\N,\N,"40","56","2"
"6921734960108","Deli Scissors 6010","cutter","Scissors 6010",\N,\N,\N,"59","82.6","2"
"0000519","Sunsilk Conditioner 320ml","Conditioner","Sunsilk ",\N,\N,\N,"280","420","2"
"8999999029371","Sunsilk Conditioner","Conditioner","Sunsilk ",\N,\N,\N,"135","195","1"
"8999999029418","Sunsilk Conditioner","Conditioner","Sunsilk ",\N,\N,\N,"135","195","1"
"0000520","TRESemme Conditioner","Conditioner","TRESemme ",\N,\N,\N,"500","750","1"
"0000521","Palmolive Shower Gel 750ml","Shower Gel","Palmolive Aroma",\N,\N,\N,"380","570","2"
"8850006536292","Palmolive 250 ml","Shower Gel","Palmolive Aroma",\N,\N,\N,"135","197.1","1"
"8850006536285","Palmolive 250 ml","Shower Gel","Palmolive Aroma",\N,\N,\N,"225","360","1"
"0000522","One Man Show","perfume","One Man Show",\N,\N,\N,"720","1044","1"
"3355991003408","One Man Show Gold","perfume","One Man Show",\N,\N,\N,"920","1380","1"
"0000525","Top Mix Biscuits","Biscuits","Top Mix Biscuits",\N,\N,\N,"620","806","1"
"0000526","Funmix Biscuits","Biscuits","Funmix",\N,\N,\N,"620","806","1"
"0000527","Mix Biscuits","Biscuits"," Mix Biscuits",\N,\N,\N,"580","783","2"
"8901396354208","Veet Hair Removal Cream","Hair Removal Cream","Veet 100g",\N,\N,\N,"230","345","1"
"5000146980353","Veet Hair Removal Cream","Hair Removal Cream","Veet 100g",\N,\N,\N,"205","315","1"
"6957342905866","Apple Fun Chocolate","Chocolate","Apple Fun ",\N,\N,\N,"20","40","6"
"038000845000","Pringles Chips","Chips","Pringles",\N,\N,\N,"160","240","2"
"038000844966","Pringles Chips","Chips","Pringles",\N,\N,\N,"160","240","1"
"038000845529","Pringles Chips S","Chips","Pringles S",\N,\N,\N,"65","105","2"
"038000845512","Pringles Chips S","Chips","Pringles S",\N,\N,\N,"65","105","1"
"0000532","Fancy Purse","Ladies Purse","Fancy Purse",\N,\N,\N,"650","1365","2"
"0000533","Fancy Purse S","Ladies Purse","Fancy Purse S",\N,\N,\N,"550","1155","1"
"0002066","Ladies Purse","Ladies Purse","Fancy Purse",\N,\N,\N,"350","550.2","2"
"0002081","Ladies Purse","Ladies Purse","Fancy Purse",\N,\N,\N,"420","960","2"
"0002551","Ladies Bag","Ladies Purse","Fancy Purse",\N,\N,\N,"670","1080","1"
"0002903","Fancy Purse","Ladies Purse","Fancy Purse",\N,\N,\N,"750","1425","1"
"8420086709215","Just Gold 921","Make Up","Just Gold  921",\N,\N,\N,"1080","1730","1"
"8420086709475","Just Gold 947","Make Up","Just Gold  947",\N,\N,\N,"880","1480","1"
"8420086709024","Just Gold 902","Make Up","Just Gold  902",\N,\N,\N,"1750","3150","1"
"8420086709123","Just Gold 912","Make Up","Just Gold  912",\N,\N,\N,"2250","3825","1"
"3592495711013","Ever Beauty Forever 52","Make Up","Ever Beauty",\N,\N,\N,"2400","3600","1"
"6924269728410","Ever Beauty 2841","Make Up","Ever Beauty",\N,\N,\N,"1400","2100","1"
"6924269728274","Ever Beauty 2827","Make Up","Ever Beauty ",\N,\N,\N,"650","975","1"
"6924269728267","Ever Beauty 2826","Make Up","Ever Beauty ",\N,\N,\N,"650","975","1"
"0000789","Ever Beauty Kajol","Make Up","Ever Beauty ",\N,\N,\N,"20","120","20"
"6921675980234","Sophies Nail Polish 12ml","Make Up","Sophies Nail Polish",\N,\N,\N,"60","120","10"
"6921675980227","Sophies Nail Polish 16ml","Make Up","Sophies Nail Polish",\N,\N,\N,"60","126","4"
"8901030230165","Lakmi  Water proof Lipstick ","cosmetics","Lakmi Lipstick",\N,\N,\N,"90","495","2"
"6905624825494","Lakme Lipstick","cosmetics","Lakme ",\N,\N,\N,"75","120","4"
"6902663010034","Lakme Matte Lipstick","cosmetics","Lakmi Matte Lipstick",\N,\N,\N,"50","155","2"
"0000553","Hair Stone Taj","cosmetics","Hair Stone Taj",\N,\N,\N,"105","189","2"
"0000557","Stone Ring","juwellary","Stone Ring",\N,\N,\N,"43","86","2"
"0001742","Diamond Cut Earing","juwellary","City Gold Earing",\N,\N,\N,"90","160","1"
"0001745","City Gold Earing","juwellary","City Gold Earing",\N,\N,\N,"480","720","2"
"0001748","City Gold Earing","juwellary","City Gold Earing",\N,\N,\N,"650","975","2"
"0001749","City Gold Earing","juwellary","City Gold Earing",\N,\N,\N,"540","810","2"
"0001750","City Gold Earing","juwellary","City Gold Earing",\N,\N,\N,"240","432","4"
"0001752","City Gold Earing","juwellary","City Gold Earing",\N,\N,\N,"150","270","2"
"0001755","City Gold Earing","juwellary","City Gold Earing",\N,\N,\N,"140","224","2"
"0001756","City Gold Earing","juwellary","City Gold Earing",\N,\N,\N,"140","224","4"
"0001844","City Gold Earing","juwellary","City Gold Earing",\N,\N,\N,"350","630","1"
"0002595","Earing","juwellary","City Gold Earing",\N,\N,\N,"60","100","1"
"0002596","City Gold Earing","juwellary","City Gold Earing",\N,\N,\N,"210","420","1"
"0002599","City Gold Earing","juwellary","City Gold Earing",\N,\N,\N,"120","325","1"
"0002600","City Gold Earing","juwellary","City Gold Earing",\N,\N,\N,"400","450","1"
"0002601","Earing","juwellary","City Gold Earing",\N,\N,\N,"70","130","1"
"0002602","City Gold Earing","juwellary","City Gold Earing",\N,\N,\N,"250","312.5","1"
"0000567","City Gold Earing","juwellary","City Gold Earing",\N,\N,\N,"615","813.03","1"
"0000617","City Gold Earing","juwellary","City Gold Earing",\N,\N,\N,"45","135","1"
"0002597","City Gold Earing","juwellary","City Gold Earing",\N,\N,\N,"100","210","1"
"0000568","ring","juwellary","City Gold Earing",\N,\N,\N,"100","120","1"
"0001746","City Gold Earing","juwellary","City Gold Earing",\N,\N,\N,"600","960","2"
"0003119","City Gold Earing","juwellary","City Gold Earing",\N,\N,\N,"180","325","1"
"0000579","Dala","Wedding Accessories","Dala",\N,\N,\N,"250","500","1"
"0000400","Gaye Holud Dala Set","Wedding Accessories","Dala",\N,\N,\N,"250","500","1"
"0000580","Dala","Wedding Accessories","Dala",\N,\N,\N,"500","1100","1"
"0001181","Dala","Wedding Accessories","Dala",\N,\N,\N,"400","900","2"
"0001470","Dala","Wedding Accessories","Dala",\N,\N,\N,"450","1050","1"
"0001471","Dala","Wedding Accessories","Dala",\N,\N,\N,"600","1440","1"
"0001472","Dala","Wedding Accessories","Dala",\N,\N,\N,"300","450","1"
"0001473","Dala","Wedding Accessories","Dala",\N,\N,\N,"400","650","1"
"0001474","Dala","Wedding Accessories","Dala",\N,\N,\N,"300","450","1"
"0001475","Dala","Wedding Accessories","Dala",\N,\N,\N,"250","375","1"
"0001476","Dala","Wedding Accessories","Dala",\N,\N,\N,"500","800","1"
"0001477","Dala","Wedding Accessories","Dala",\N,\N,\N,"300","480","1"
"0001478","Dala","Wedding Accessories","Dala",\N,\N,\N,"250","350","1"
"0001639","Full Dala","Wedding Accessories","Dala",\N,\N,\N,"580","986","1"
"0001640","Lace Dala","Wedding Accessories","Dala",\N,\N,\N,"730","1600.02","1"
"0001759","Dala","Wedding Accessories","Dala",\N,\N,\N,"550","1050.01","1"
"0001778","Dala","Wedding Accessories","Dala",\N,\N,\N,"600","1020","1"
"0001780","Dala","Wedding Accessories","Dala",\N,\N,\N,"650","845","1"
"0001781","dala","Wedding Accessories","Dala",\N,\N,\N,"800","800","1"
"0001782","Dala","Wedding Accessories","Dala",\N,\N,\N,"550","1265","1"
"0001972","Dala","Wedding Accessories","Dala",\N,\N,\N,"650","1170","1"
"0002127","Fish Cut Dala","Wedding Accessories","Dala",\N,\N,\N,"360","650","1"
"0002390","Dala ","Wedding Accessories","Dala",\N,\N,\N,"900","1485","1"
"0002394","Dala","Wedding Accessories","Dala",\N,\N,\N,"510","1150","1"
"0002466","Dala","Wedding Accessories","Dala",\N,\N,\N,"630","1050.03","1"
"0002467","Dala","Wedding Accessories","Dala",\N,\N,\N,"200","360","1"
"0002704","Dala","Wedding Accessories","Dala",\N,\N,\N,"1260","2300","1"
"0002705","Dala","Wedding Accessories","Dala",\N,\N,\N,"1050","1932","1"
"0002706","Dala","Wedding Accessories","Dala",\N,\N,\N,"550","1265","1"
"0002707","Dala","Wedding Accessories","Dala",\N,\N,\N,"650","1430","1"
"0003068","Dala","Wedding Accessories","Dala",\N,\N,\N,"200","440","1"
"0001936","Police Super Car","Toy","Top Speed Car",\N,\N,\N,"120","192","1"
"0000596","Stunt Vehicle","Toy","Stunt Vehicle",\N,\N,\N,"60","84","1"
"0000597","Modeling Dough 101","Toy","Spider Car",\N,\N,\N,"220","350","1"
"0000599","Racing car","Toy","Racing Car",\N,\N,\N,"300","360","1"
"0000601","Joykali","Battery","Joykali",\N,\N,\N,"5","10","5"
"0000602","Polo","Travel Bag","Polo",\N,\N,\N,"800","1440","1"
"0002607","Polo Trolly Bag","Travel Bag","Polo",\N,\N,\N,"1200","1860","1"
"0002608","Polo Trolly Bag","Travel Bag","Polo",\N,\N,\N,"950","1425","1"
"0002609","Polo Trolly Bag","Travel Bag","Polo",\N,\N,\N,"750","1125","1"
"0002610","Polo Trolly Bag","Travel Bag","Polo",\N,\N,\N,"580","870","1"
"0000604","England","Travel Bag","England",\N,\N,\N,"1100","1980","1"
"0000655","Everyday","Battery","Everyday",\N,\N,\N,"25","35","1"
"0000656","England","Battery","Everyday",\N,\N,\N,"30","36","1"
"8999002671726","Everyday","Battery","Everyday",\N,\N,\N,"13","20","2"
"8888021800081","Everyday","Battery","Everyday",\N,\N,\N,"12","20","2"
"0000657","Holud Cup","Cup","Holud Cup",\N,\N,\N,"3","12","1"
"0000658","SHOE","Wedding Accessories","Shoe",\N,\N,\N,"300","600","1"
"0000662","Shoe Kids","Wedding Accessories","Shoe Kids",\N,\N,\N,"100","200","8"
"0000663","Shoe Kids","Wedding Accessories","Shoe Kids",\N,\N,\N,"125","250","5"
"8851322000825","Ploy & Pailin","Cotton Bud","Polay & Pain",\N,\N,\N,"15","20","1"
"0000828","Polay & Pain","Cotton Bud","Polay & Pain",\N,\N,\N,"7","14","1"
"0000669","Sari","Sari","Sari",\N,\N,\N,"140","280","1"
"0000670","irish spring","SHOAP","Irish Spring",\N,\N,\N,"80","112","5"
"4710693225227","Linku Powder Case","Powder Case","Linku Powder Case",\N,\N,\N,"245","320","1"
"4710693225395","Linku Powder Case","Powder Case","Linku Powder Case",\N,\N,\N,"215","280","1"
"0000672","Soap Case","Soap Case","Soap Case",\N,\N,\N,"50","65","1"
"6931444920057","Linco Baby Soap Case","Soap Case","Soap Case",\N,\N,\N,"45","90","4"
"0001427","Soap Box","Soap Case","Soap Case",\N,\N,\N,"80","130","2"
"6949900523469","Soap Case","Soap Case","Soap Case",\N,\N,\N,"115","170","1"
"6926473301205","Soap Case","Soap Case","Soap Case",\N,\N,\N,"100","170","1"
"6926045002004","Soap Case","Soap Case","Soap Case",\N,\N,\N,"130","195","1"
"6954938660710","Soap Case","Soap Case","Soap Case",\N,\N,\N,"90","135","1"
"6954938660703","Soap Case","Soap Case","Soap Case",\N,\N,\N,"90","135","1"
"0000673","Duo zi","Nail Cutter","Duo zi",\N,\N,\N,"345","517.5","1"
"0000674","Jewelerry/Makeup Box","Jewellery/Makeup Box","Jewellery/Makup Box",\N,\N,\N,"600","1080","1"
"0000675","Jewelerry/Makeup Box","Jewellery/Makeup Box","Jewellery/Makup Box",\N,\N,\N,"1150","2300","1"
"0002337","Jewellery Box","Jewellery/Makeup Box","Jewellery/Makup Box",\N,\N,\N,"1050","2100","1"
"0002338","Jewelerry/Makeup Box","Jewellery/Makeup Box","Jewellery/Makup Box",\N,\N,\N,"920","1610","1"
"0000676","PlayBoy","Body Spray","PlayBoy",\N,\N,\N,"195","292.5","2"
"0000677","Adidas","Body Spray","Adidas",\N,\N,\N,"160","255.2","1"
"0000681","Clean&Clear","Facewash","Clean&Clear",\N,\N,\N,"420","550.2","1"
"8901012194188","Clean&Clear facewash","Facewash","Clean&Clear",\N,\N,\N,"160","240","2"
"0000682","Garnier SkinNaturals","Facewash","Garnier SkinNaturals",\N,\N,\N,"540","650","1"
"6291100171323","Active Woman","Body Spray","Active Woman",\N,\N,\N,"162","260.01","1"
"0000684","Dove","Dedorant Roll","Dove",\N,\N,\N,"150","200.25","1"
"0000685","She Dedorant Roll","Dedorant Roll","She",\N,\N,\N,"150","199.5","1"
"0000693","Meswak","Meswak","Meswak",\N,\N,\N,"13","18","1"
"0000694","Noorani meswak","Meswak","Meswak",\N,\N,\N,"14","15.4","1"
"0000695","Al-Badr Meswak","Meswak","Meswak",\N,\N,\N,"13","15.08","2"
"845548200013","Khaibar Meswak","Meswak","Meswak",\N,\N,\N,"13","15","5"
"0001070","Joyton Meswak","Meswak","Meswak",\N,\N,\N,"12","20.4","20"
"4005808532988","Nivea Face Wash","Facewash","Nivea Face Wash",\N,\N,\N,"210","300.3","2"
"8901177702167","Itch Guard","CREAM","Itch Guard",\N,\N,\N,"65","90","1"
"8901548147207","everyuth peel off mask","Facewash","Everyuth",\N,\N,\N,"155","220","2"
"8901030452116","Lakme FaceWash","Facewash","Lakme Facewash",\N,\N,\N,"110","150.15","1"
"4902430594745","Olay","CREAM","Olay",\N,\N,\N,"410","550.23","2"
"8903802301172","Glow Smooth","Facewash","Glow Smooth",\N,\N,\N,"220","280.06","2"
"8902328004697","Skindrite","CREAM","Skindrite",\N,\N,\N,"45","180","3"
"8901248104135","Navaratna","Hair Oil","Navaratna",\N,\N,\N,"320","480","1"
"8901248104128","Navratna Hair Oil 200 ml","Hair Oil","Navaratna",\N,\N,\N,"210","315","1"
"6291069207415","Vatika Hair Cream","Hair Cream","Vatika Hair Cream",\N,\N,\N,"140","320.32","1"
"5022496100113","Vatika Hair Cream","Hair Cream","Vatika Hair Cream",\N,\N,\N,"140","210","1"
"8901526104680","Loreal 30+","Fairness Cream","Loreal",\N,\N,\N,"500","600","1"
"8901526104703","Loreal 40+","Fairness Cream","Loreal",\N,\N,\N,"700","1050","1"
"8903802300588","Glamour World","shampoo","Glamour World",\N,\N,\N,"200","300","2"
"0000719","Set Wet","Body Spray","Set Wet",\N,\N,\N,"185","250.12","1"
"8941147000138","Ligion Uptan","Herbal","Uptan",\N,\N,\N,"30","60","2"
"8941147000152","Ligion Gents Uptan","Herbal","Uptan",\N,\N,\N,"27","50","2"
"0000721","Cute Perfume","perfume","Perfume Oil",\N,\N,\N,"150","171","4"
"8901023007736","Godrej Hair Colour","Hair colour","Godrej",\N,\N,\N,"9","13.95","4"
"8139003000990","Savlon","SHOAP","Savlon",\N,\N,\N,"35","45","1"
"0000724","Cute Powder","powder","Cute Powder",\N,\N,\N,"50","65","4"
"0000727","Parasuit Beli 300ml","Hair Oil","Parasuit",\N,\N,\N,"155","200","1"
"0003067","parasuit beliful","Hair Oil","Parasuit",\N,\N,\N,"150","200","1"
"0000730","She Body Spray","Body Spray","She",\N,\N,\N,"190","240.35","3"
"6921199168897","Salon","Hair Comb","Salon",\N,\N,\N,"350","525","1"
"0000733","Double Way Mirror Aina","Mirrior","Double Way Mirror",\N,\N,\N,"180","325","3"
"0001765","Double Way Mirror S Aina","Mirrior","Double Way Mirror",\N,\N,\N,"135","200","2"
"0000734","Safety Pin Mini","Safety Pin","Safety Pin",\N,\N,\N,"3","9.99","10"
"0000735","Safety Pin","Safety Pin","Safety Pin",\N,\N,\N,"2","5","30"
"0000736","Heno Clip","Safety Pin","Safety Pin",\N,\N,\N,"6","10","15"
"6921734960344","Sissors","Safety Pin","Safety Pin",\N,\N,\N,"57","85","1"
"6945409500291","Make Up Fit M29","Make Up","Make Up kit",\N,\N,\N,"450","810","1"
"6905624701026","Make Up Kit A102","Make Up","Make Up kit",\N,\N,\N,"610","1100","1"
"6905624886778","Make Up Fit A 80","Make Up","Make Up kit",\N,\N,\N,"450","900","1"
"883001965420","CK","Make Up","Make Up kit",\N,\N,\N,"1450","2320","1"
"8420086793931","Just Gold 9393","Make Up","Just Gold ",\N,\N,\N,"1670","2840","1"
"8420086709246","Just Gold 924","Make Up","Just Gold ",\N,\N,\N,"1380","2490","1"
"8420086709079","Just Gold 907","Make Up","Just Gold ",\N,\N,\N,"1850","2920","1"
"8420086709567","Just gold 956","Make Up","Just Gold ",\N,\N,\N,"1080","1890","1"
"8420086709239","Just Gold 923","Make Up","Just Gold ",\N,\N,\N,"1050","1785","1"
"8420086709062","Just Gold 906","Make Up","Just Gold ",\N,\N,\N,"1300","2320","1"
"8420086709697","Just Gold 969","Make Up","Just Gold ",\N,\N,\N,"1950","3315","1"
"8420086709208","Just Gold 920","Make Up","Just Gold ",\N,\N,\N,"1080","1730","1"
"6933235615029","Just Gold FacePowder","Make Up","Just Gold ",\N,\N,\N,"150","300","1"
"8420086709406","Just Gold 940","Make Up","Just Gold ",\N,\N,\N,"1000","1750","1"
"8420086709048","Just Gold 904","Make Up","Just Gold ",\N,\N,\N,"720","1250","1"
"8420086709710","Just Gold 971","Make Up","Just Gold ",\N,\N,\N,"260","475","1"
"8420086195957","Just Gold 9595","Make Up","Just Gold ",\N,\N,\N,"2100","3360","1"
"8420086709178","Just Gold 917","Make Up","Just Gold ",\N,\N,\N,"2800","4760","1"
"8901030484582","Lakme Eyeconic","Make Up","Lakmi Kajal",\N,\N,\N,"21","294","1"
"8901030400377","Lakme Kajal","Make Up","Lakmi Kajal",\N,\N,\N,"27","80.19","1"
"6933553339867","Lakme Nailpolish","Make Up","Nail Polish",\N,\N,\N,"35","175","1"
"0000746","Lakme Nailpolish","Make Up","Nail Polish",\N,\N,\N,"35","175","2"
"6957007900304","Nail Polish","Make Up","Nail Polish",\N,\N,\N,"50","135","2"
"0001533","Kiss Beauty Nailpolish","Make Up","Nail Polish",\N,\N,\N,"29","87","10"
"6944261511179","B.O Nail Polish","Make Up","Nail Polish",\N,\N,\N,"60","120","1"
"6944261509480","Nail Polish","Make Up","Nail Polish",\N,\N,\N,"60","120","1"
"6923044787604","Nail Lacquer","Make Up","Nail Polish",\N,\N,\N,"60","120","1"
"6944261511117","B.O Nail Polish","Make Up","Nail Polish",\N,\N,\N,"60","120","1"
"0002837","Naked Nail Polish","Make Up","Nail Polish",\N,\N,\N,"50","150","1"
"8850535040819","ATM Air freshner","Air Freshner","Air Freshner",\N,\N,\N,"38","64.6","1"
"0000749","ATM Air freshner","Air Freshner","Air Freshner",\N,\N,\N,"38","64.6","1"
"8850535030810","ATM Air freshner","Air Freshner","Air Freshner",\N,\N,\N,"38","64.6","2"
"8850535010812","ATM Air freshner","Air Freshner","Air Freshner",\N,\N,\N,"38","64.6","1"
"8941183005142","Fay Airfreshner","Air Freshner","Air Freshner",\N,\N,\N,"180","200","1"
"6325119342884","Fresh lemon","Air Freshner","Air Freshner",\N,\N,\N,"115","230","2"
"4902806014693","Air Freshner","Air Freshner","Air Freshner",\N,\N,\N,"135","200","2"
"8690506397159","Fax Air Freshner","Air Freshner","Air Freshner",\N,\N,\N,"146","225","1"
"8690506421489","Fax Air Freshner","Air Freshner","Air Freshner",\N,\N,\N,"146","225","1"
"8690506415471","Fax Air Freshner","Air Freshner","Air Freshner",\N,\N,\N,"146","225","1"
